boundary_id,entity_a_id,entity_a_name,entity_b_id,entity_b_name,boundary_type,boundary_strength,permeability,sharpness,boundary_coord_x,boundary_coord_y,boundary_coord_z,boundary_extent,relationship_type,tension_level,first_documented,documenter,documentation_method,confidence,description,notes
EB-0001,MS-0066,Form 66,EN-003,Western Archive Territory,categorical,0.35,0.61,0.35,-0.5341,-0.052,-0.2693,0.194,sympathetic,0.22,1832,P. Tross,direct_observation,0.69,Classification boundary: Form 66 and Western Archive Territory belong to distinct categories.,
EB-0002,MS-0090,Form 90,MS-0044,Form 44,structural,0.46,0.59,0.68,-0.267,0.0354,0.3005,0.035,sympathetic,0.37,919,Western Archive Team,historical_inference,0.66,Form architecture differs across boundary.,
EB-0003,MS-0076,Form 76,MS-0107,Form 107,behavioral,0.79,0.23,0.33,0.5584,-0.1189,-0.3138,0.054,antipathetic,0.65,922,Senate Survey,trajectory_analysis,0.9,Pattern divergence between Form 76 and Form 107 behavior.,
EB-0004,MS-0118,Form 118,MS-0038,Form 38,temporal,0.9,0.11,0.43,-0.0153,-0.1917,-0.1749,0.111,antipathetic,0.54,928,Archive Survey Team,tension_measurement,0.7,Time-based separation observed.,
EB-0005,MS-0055,Form 55,MS-0060,Form 60,spatial,0.47,0.54,0.36,-0.2466,-0.4675,0.543,0.114,neutral,0.36,917,Boundary Commission,historical_inference,0.59,Morphospace region boundary separating Form 55 from Form 60.,
EB-0006,MS-0127,Form 127,MS-0056,Form 56,spatial,0.34,0.66,0.65,-0.3917,-0.6559,0.0746,0.15,sympathetic,0.18,918,Senate Survey,historical_inference,0.81,Geographic separation observed between Form 127 and Form 56.,
EB-0007,MS-0066,Form 66,MS-0120,Form 120,structural,0.43,0.54,0.32,-0.3318,-0.3176,-0.668,0.199,sympathetic,0.19,1835,Western Archive Team,tension_measurement,0.9,Structure divergence documented.,
EB-0008,MS-0101,Form 101,MS-0046,Form 46,identity,0.93,0.04,0.32,-0.561,-0.5595,-0.159,0.066,antipathetic,0.75,1844,P. Tross,historical_inference,0.82,Self/other boundary between entities.,
EB-0009,MS-0097,Form 97,MS-0034,Form 34,categorical,0.58,0.38,0.41,-0.7251,0.0546,-0.2136,0.205,sympathetic,0.27,929,P. Tross,direct_observation,0.76,Type boundary separating Form types.,
EB-0010,EN-003,Western Archive Territory,MS-0063,Form 63,categorical,0.41,0.54,0.84,0.1426,0.2133,0.0794,0.102,sympathetic,0.14,1849,Western Archive Team,tension_measurement,0.91,Type boundary separating Form types.,
EB-0011,MS-0048,Form 48,MS-0031,Form 31,behavioral,0.82,0.08,0.51,0.632,0.3572,-0.3819,0.189,antipathetic,0.74,1835,P. Tross,trajectory_analysis,0.82,Action patterns differ across this boundary.,
EB-0012,MS-0038,Form 38,MS-0143,Form 143,categorical,0.97,0.02,0.68,-0.0417,0.2444,-0.2805,0.178,antipathetic,0.6,1834,Western Archive Team,direct_observation,0.62,Categorical separation—archivists classify these differently.,
EB-0013,MS-0145,Form 145,MS-0092,Form 92,identity,0.58,0.38,0.6,0.3276,0.1151,0.114,0.232,neutral,0.51,1839,P. Tross,trajectory_analysis,0.58,Entity boundary defining distinct identities.,
EB-0014,MS-0050,Form 50,MS-0114,Form 114,behavioral,0.65,0.31,0.45,-0.2487,0.3903,-0.089,0.034,neutral,0.54,920,P. Tross,trajectory_analysis,0.83,Behavioral separation documented in field observations.,
EB-0015,MS-0062,Form 62,MS-0130,Form 130,spatial,0.94,0.2,0.94,-0.1883,-0.5642,0.0031,0.197,antipathetic,0.87,914,Archive Survey Team,historical_inference,0.65,Physical distance boundary documented at coordinates.,
EB-0016,MS-0076,Form 76,MS-0140,Form 140,categorical,0.66,0.33,0.69,0.0977,0.0772,-0.4577,0.16,neutral,0.39,912,P. Tross,classification_boundary,0.81,Categorical separation—archivists classify these differently.,
EB-0017,MS-0099,Form 99,EN-012,Cluster Gamma,spatial,0.47,0.5,0.88,0.21,0.522,0.0979,0.195,sympathetic,0.37,917,Archive Survey Team,historical_inference,0.91,Spatial boundary between Form 99 and Cluster Gamma in morphospace.,
EB-0018,MS-0120,Form 120,MS-0006,The Septenary Rhythm,categorical,0.98,0.08,0.92,0.0423,-0.3906,-0.0886,0.125,antipathetic,0.63,1848,Western Archive Team,classification_boundary,0.72,Category edge detected in constellation analysis.,
EB-0019,MS-0127,Form 127,MS-0053,Form 53,categorical,0.55,0.48,0.54,-0.3366,-0.2228,-0.0993,0.141,neutral,0.52,924,T. Vells,tension_measurement,0.73,Type boundary separating Form types.,
EB-0020,MS-0071,Form 71,MS-0098,Form 98,temporal,0.98,0.11,0.38,-0.2223,-0.1083,0.3514,0.215,antipathetic,0.91,913,Boundary Commission,direct_observation,0.65,Time-based separation observed.,
EB-0021,MS-0073,Form 73,MS-0103,Form 103,categorical,0.98,0.05,0.82,-0.6597,-0.2151,0.2856,0.224,antipathetic,0.6,912,Archive Survey Team,trajectory_analysis,0.75,Category edge detected in constellation analysis.,
EB-0022,MS-0098,Form 98,MS-0124,Form 124,identity,0.44,0.54,0.45,-0.3988,-0.4374,0.2444,0.092,sympathetic,0.17,927,Boundary Commission,trajectory_analysis,0.73,Individual identity separation.,
EB-0023,MS-0115,Form 115,MS-0103,Form 103,spatial,0.79,0.2,0.44,-0.3254,-0.231,-0.3803,0.168,antipathetic,0.85,1848,Western Archive Team,historical_inference,0.88,Spatial boundary between Form 115 and Form 103 in morphospace.,
EB-0024,MS-0139,Form 139,MS-0101,Form 101,temporal,0.82,0.12,0.51,-0.2192,-0.1517,0.2693,0.104,neutral,0.5,919,Archive Survey Team,trajectory_analysis,0.84,Temporal boundary: Form 139 and Form 101 occupy different time periods.,
EB-0025,MS-0064,Form 64,MS-0110,Form 110,structural,0.49,0.46,0.66,0.2044,-0.2467,0.0887,0.142,sympathetic,0.22,1838,Western Archive Team,trajectory_analysis,0.84,Morphological separation between Form 64 and Form 110.,
EB-0026,MS-0027,The Five-Body Form,MS-0052,Form 52,categorical,0.89,0.07,0.68,-0.0165,0.1042,0.7484,0.062,antipathetic,0.5,1841,P. Tross,historical_inference,0.61,Categorical separation—archivists classify these differently.,
EB-0027,MS-0136,Form 136,MS-0034,Form 34,structural,0.9,0.03,0.82,-0.0142,-0.0117,0.3635,0.233,antipathetic,0.61,919,K. Strand,classification_boundary,0.66,Structural boundary: physical forms differ.,
EB-0028,MS-0093,Form 93,MS-0005,The Triad Form,categorical,0.53,0.51,0.53,0.2389,0.6973,0.3259,0.092,sympathetic,0.19,915,Boundary Commission,direct_observation,0.88,Categorical separation—archivists classify these differently.,
EB-0029,MS-0138,Form 138,MS-0035,Form 35,categorical,0.75,0.25,0.59,-0.2176,-0.1233,-0.4171,0.072,antipathetic,0.77,1828,Western Archive Team,tension_measurement,0.74,Category edge detected in constellation analysis.,
EB-0030,MS-0128,Form 128,MS-0136,Form 136,structural,0.77,0.21,0.68,0.7602,-0.3452,0.652,0.055,antipathetic,0.75,1842,Western Archive Team,tension_measurement,0.88,Structure divergence documented.,
EB-0031,MS-0065,Form 65,MS-0064,Form 64,structural,0.48,0.41,0.35,0.5764,0.102,0.0124,0.2,sympathetic,0.27,1825,P. Tross,tension_measurement,0.8,Structure divergence documented.,
EB-0032,MS-0133,Form 133,EN-004,Capital Domain,spatial,0.72,0.31,0.76,0.4211,-0.2412,0.1675,0.139,antipathetic,0.66,918,Archive Survey Team,direct_observation,0.63,Physical distance boundary documented at coordinates.,
EB-0033,MS-0041,Form 41,MS-0123,Form 123,categorical,0.7,0.31,0.71,-0.0053,0.0439,0.1229,0.163,neutral,0.55,913,Boundary Commission,historical_inference,0.78,Classification boundary: Form 41 and Form 123 belong to distinct categories.,
EB-0034,MS-0044,Form 44,MS-0039,Form 39,behavioral,0.42,0.66,0.59,-0.4245,-0.2242,0.0521,0.027,oscillating,0.54,913,P. Tross,direct_observation,0.8,Behavioral separation documented in field observations.,
EB-0035,MS-0109,Form 109,EN-011,Cluster Beta,temporal,0.56,0.41,0.51,-0.0245,0.0038,0.4082,0.142,sympathetic,0.31,1830,P. Tross,tension_measurement,0.59,Time-based separation observed.,
EB-0036,MS-0146,Form 146,MS-0068,Form 68,spatial,0.57,0.44,0.31,0.1063,-0.3664,-0.19,0.141,sympathetic,0.23,914,T. Vells,classification_boundary,0.63,Spatial boundary between Form 146 and Form 68 in morphospace.,
EB-0037,MS-0058,Form 58,MS-0116,Form 116,spatial,0.65,0.31,0.52,-0.3546,0.1922,0.1369,0.13,neutral,0.35,919,P. Tross,classification_boundary,0.55,Spatial boundary between Form 58 and Form 116 in morphospace.,
EB-0038,MS-0047,Form 47,MS-0115,Form 115,temporal,0.72,0.31,0.36,0.1942,-0.5386,-0.417,0.021,antipathetic,0.95,1848,Western Archive Team,trajectory_analysis,0.94,Time-based separation observed.,
EB-0039,MS-0091,Form 91,MS-0068,Form 68,behavioral,0.56,0.4,0.36,0.2277,0.3239,-0.3073,0.18,neutral,0.57,916,Boundary Commission,classification_boundary,0.94,Action patterns differ across this boundary.,
EB-0040,MS-0089,Form 89,MS-0049,Form 49,behavioral,0.74,0.19,0.78,-0.2489,0.3505,-0.0159,0.161,oscillating,0.38,926,Archive Survey Team,classification_boundary,0.8,Behavioral separation documented in field observations.,
EB-0041,MS-0137,Form 137,MS-0147,Form 147,behavioral,0.45,0.7,0.86,-0.2073,-0.1943,0.2275,0.05,oscillating,0.3,919,Western Archive Team,historical_inference,0.71,Behavioral boundary: Form 137 acts differently from Form 147.,
EB-0042,MS-0038,Form 38,EN-001,The Prebel Zone,spatial,0.59,0.39,0.65,0.1727,0.3653,-0.1959,0.233,oscillating,0.52,930,Independent Scholar,trajectory_analysis,0.64,Spatial boundary between Form 38 and The Prebel Zone in morphospace.,
EB-0043,MS-0136,Form 136,MS-0145,Form 145,spatial,0.93,0.09,0.33,0.3252,-0.545,0.3576,0.116,antipathetic,0.75,915,Boundary Commission,trajectory_analysis,0.87,Spatial boundary between Form 136 and Form 145 in morphospace.,
EB-0044,MS-0073,Form 73,MS-0049,Form 49,spatial,0.53,0.39,0.86,-0.3494,-0.1636,-0.0246,0.192,sympathetic,0.36,918,P. Tross,historical_inference,0.91,Morphospace region boundary separating Form 73 from Form 49.,
EB-0045,MS-0120,Form 120,MS-0108,Form 108,behavioral,0.86,0.15,0.8,0.4005,0.2093,-0.1716,0.145,antipathetic,0.9,913,Boundary Commission,historical_inference,0.86,Behavioral separation documented in field observations.,
EB-0046,MS-0108,Form 108,MS-0055,Form 55,identity,0.55,0.48,0.89,0.2006,0.1485,0.4007,0.142,oscillating,0.32,1827,P. Tross,classification_boundary,0.75,Individual identity separation.,
EB-0047,MS-0100,Form 100,EN-008,Dead River Valley,temporal,0.57,0.4,0.67,-0.1853,-0.2972,-0.4105,0.144,sympathetic,0.23,1846,Western Archive Team,trajectory_analysis,0.85,Temporal boundary: Form 100 and Dead River Valley occupy different time periods.,
EB-0048,MS-0109,Form 109,MS-0033,Form 33,spatial,0.54,0.46,0.86,-0.0502,0.191,0.5111,0.071,oscillating,0.42,1850,Western Archive Team,direct_observation,0.56,Physical distance boundary documented at coordinates.,
EB-0049,MS-0081,Form 81,MS-0057,Form 57,structural,0.64,0.33,0.38,0.2276,-0.0609,-0.0641,0.156,oscillating,0.43,1844,P. Tross,classification_boundary,0.89,Form architecture differs across boundary.,
EB-0050,MS-0104,Form 104,MS-0124,Form 124,behavioral,0.45,0.57,0.69,-0.0643,-0.6241,-0.1545,0.144,sympathetic,0.15,1847,P. Tross,historical_inference,0.59,Pattern divergence between Form 104 and Form 124 behavior.,
EB-0051,EN-012,Cluster Gamma,MS-0132,Form 132,identity,0.75,0.25,0.77,0.2592,0.2869,-0.2786,0.054,antipathetic,0.63,921,T. Vells,trajectory_analysis,0.56,Identity boundary: where Cluster Gamma ends and Form 132 begins.,
EB-0052,MS-0147,Form 147,MS-0126,Form 126,spatial,0.74,0.21,0.51,-0.4396,-0.0631,0.0565,0.058,neutral,0.48,912,Boundary Commission,tension_measurement,0.9,Geographic separation observed between Form 147 and Form 126.,
EB-0053,MS-0088,Form 88,MS-0132,Form 132,categorical,0.27,0.68,0.83,0.4667,-0.08,-0.1032,0.07,sympathetic,0.25,1836,Western Archive Team,trajectory_analysis,0.82,Category edge detected in constellation analysis.,
EB-0054,MS-0038,Form 38,MS-0131,Form 131,behavioral,0.82,0.28,0.58,0.0354,-0.196,0.0458,0.123,antipathetic,0.79,922,P. Tross,historical_inference,0.87,Behavioral boundary: Form 38 acts differently from Form 131.,
EB-0055,MS-0112,Form 112,EN-003,Western Archive Territory,spatial,0.5,0.46,0.78,-0.0572,0.1935,-0.0814,0.02,sympathetic,0.1,1831,P. Tross,tension_measurement,0.82,Morphospace region boundary separating Form 112 from Western Archive Territory.,
EB-0056,MS-0069,Form 69,MS-0088,Form 88,categorical,0.47,0.51,0.8,0.0934,0.2113,-0.1018,0.199,oscillating,0.55,930,K. Strand,historical_inference,0.85,Classification boundary: Form 69 and Form 88 belong to distinct categories.,
EB-0057,MS-0098,Form 98,MS-0144,Form 144,structural,0.84,0.07,0.3,0.1617,0.1937,0.3494,0.207,antipathetic,0.52,1834,P. Tross,historical_inference,0.79,Morphological separation between Form 98 and Form 144.,
EB-0058,MS-0142,Form 142,MS-0132,Form 132,categorical,0.39,0.61,0.82,-0.0348,0.2702,-0.3189,0.149,sympathetic,0.12,1849,P. Tross,tension_measurement,0.59,Type boundary separating Form types.,
EB-0059,MS-0060,Form 60,MS-0078,Form 78,structural,0.48,0.48,0.58,0.3063,-0.1898,0.6584,0.124,sympathetic,0.24,917,P. Tross,direct_observation,0.71,Morphological separation between Form 60 and Form 78.,
EB-0060,EN-008,Dead River Valley,EN-011,Cluster Beta,categorical,0.47,0.58,0.89,-0.45,-0.45,-0.15,0.194,neutral,0.59,1828,Western Archive Team,classification_boundary,0.87,Categorical separation—archivists classify these differently.,
EB-0061,MS-0006,The Septenary Rhythm,MS-0115,Form 115,spatial,0.43,0.59,0.66,0.012,-0.4547,-0.0951,0.077,sympathetic,0.16,917,Boundary Commission,classification_boundary,0.78,Spatial boundary between The Septenary Rhythm and Form 115 in morphospace.,
EB-0062,MS-0081,Form 81,MS-0071,Form 71,structural,0.87,0.09,0.58,0.1857,-0.0959,0.2273,0.244,antipathetic,0.56,914,Boundary Commission,classification_boundary,0.9,Morphological separation between Form 81 and Form 71.,
EB-0063,MS-0093,Form 93,MS-0060,Form 60,identity,0.65,0.42,0.71,0.2647,0.0961,0.4203,0.22,sympathetic,0.34,917,Archive Survey Team,tension_measurement,0.8,Identity boundary: where Form 93 ends and Form 60 begins.,
EB-0064,MS-0035,Form 35,MS-0127,Form 127,categorical,0.87,0.15,0.55,-0.1462,-0.1902,-0.365,0.207,antipathetic,0.9,1826,Western Archive Team,direct_observation,0.72,Categorical separation—archivists classify these differently.,
EB-0065,MS-0081,Form 81,EN-005,Yeller Quarry Region,categorical,0.58,0.35,0.74,0.3775,-0.4185,0.1353,0.241,sympathetic,0.13,1844,P. Tross,historical_inference,0.62,Category edge detected in constellation analysis.,
EB-0066,MS-0114,Form 114,MS-0035,Form 35,identity,0.73,0.27,0.72,-0.2686,0.3761,-0.637,0.078,antipathetic,0.77,922,Western Archive Team,direct_observation,0.77,Entity boundary defining distinct identities.,
EB-0067,MS-0059,Form 59,MS-0076,Form 76,categorical,0.74,0.31,0.31,0.0658,-0.0977,-0.176,0.147,antipathetic,0.69,921,Boundary Commission,classification_boundary,0.63,Category edge detected in constellation analysis.,
EB-0068,MS-0055,Form 55,MS-0110,Form 110,structural,0.46,0.52,0.47,-0.2929,-0.176,0.1187,0.142,sympathetic,0.13,1849,Western Archive Team,tension_measurement,0.73,Structural boundary: physical forms differ.,
EB-0069,MS-0085,Form 85,MS-0093,Form 93,structural,0.46,0.57,0.45,-0.0382,0.6117,0.1206,0.163,sympathetic,0.24,919,Archive Survey Team,direct_observation,0.84,Structure divergence documented.,
EB-0070,MS-0044,Form 44,MS-0144,Form 144,spatial,0.91,0.06,0.77,0.1679,0.0403,0.4718,0.076,antipathetic,0.62,914,Western Archive Team,trajectory_analysis,0.68,Morphospace region boundary separating Form 44 from Form 144.,
EB-0071,MS-0141,Form 141,MS-0148,Form 148,identity,0.83,0.18,0.86,0.0336,0.1372,-0.2726,0.219,antipathetic,0.53,914,T. Vells,historical_inference,0.66,Individual identity separation.,
EB-0072,MS-0063,Form 63,MS-0134,Form 134,spatial,0.63,0.46,0.53,0.4085,0.2131,-0.314,0.155,neutral,0.49,917,T. Vells,direct_observation,0.75,Spatial boundary between Form 63 and Form 134 in morphospace.,
EB-0073,MS-0094,Form 94,MS-0006,The Septenary Rhythm,identity,0.55,0.45,0.62,-0.1278,-0.6245,0.0048,0.117,sympathetic,0.38,1826,P. Tross,tension_measurement,0.83,Individual identity separation.,
EB-0074,MS-0045,Form 45,MS-0002,The Binary Division,structural,0.78,0.17,0.62,-0.5691,-0.5514,-0.0994,0.172,antipathetic,0.58,1842,Western Archive Team,direct_observation,0.69,Morphological separation between Form 45 and The Binary Division.,
EB-0075,EN-008,Dead River Valley,MS-0081,Form 81,categorical,0.42,0.52,0.31,-0.0725,-0.3685,-0.3147,0.164,oscillating,0.41,922,Boundary Commission,direct_observation,0.64,Category edge detected in constellation analysis.,
EB-0076,MS-0034,Form 34,MS-0090,Form 90,temporal,0.98,0.16,0.64,-0.4917,0.5809,0.1724,0.127,antipathetic,0.66,917,K. Strand,historical_inference,0.79,Phase boundary in temporal pattern.,
EB-0077,MS-0117,Form 117,MS-0059,Form 59,spatial,0.83,0.19,0.32,0.1245,0.206,0.0842,0.163,antipathetic,0.74,917,Western Archive Team,tension_measurement,0.67,Physical distance boundary documented at coordinates.,
EB-0078,MS-0133,Form 133,MS-0057,Form 57,spatial,0.25,0.72,0.73,0.1213,-0.0836,0.1681,0.214,sympathetic,0.39,1838,Western Archive Team,direct_observation,0.58,Geographic separation observed between Form 133 and Form 57.,
EB-0079,EN-003,Western Archive Territory,MS-0102,Form 102,spatial,0.41,0.6,0.71,0.0426,-0.1968,-0.2675,0.122,sympathetic,0.28,1847,P. Tross,tension_measurement,0.73,Physical distance boundary documented at coordinates.,
EB-0080,MS-0111,Form 111,MS-0054,Form 54,structural,0.89,0.17,0.6,0.0777,-0.127,0.4584,0.02,antipathetic,0.67,928,K. Strand,direct_observation,0.87,Structure divergence documented.,
EB-0081,MS-0043,Form 43,MS-0085,Form 85,spatial,0.42,0.57,0.58,-0.6664,0.3931,0.1853,0.248,sympathetic,0.38,923,Senate Survey,trajectory_analysis,0.76,Physical distance boundary documented at coordinates.,
EB-0082,MS-0086,Form 86,MS-0093,Form 93,identity,0.6,0.36,0.87,0.2794,0.5901,0.4131,0.057,neutral,0.34,1828,P. Tross,historical_inference,0.86,Entity boundary defining distinct identities.,
EB-0083,MS-0143,Form 143,MS-0134,Form 134,spatial,0.5,0.48,0.55,-0.0986,0.379,-0.528,0.183,oscillating,0.49,921,P. Tross,historical_inference,0.77,Geographic separation observed between Form 143 and Form 134.,
EB-0084,MS-0134,Form 134,MS-0058,Form 58,identity,0.75,0.32,0.73,0.0106,0.2774,-0.371,0.224,neutral,0.57,1835,Western Archive Team,historical_inference,0.6,Identity boundary: where Form 134 ends and Form 58 begins.,
EB-0085,MS-0038,Form 38,MS-0003,The Breathing Mode,temporal,0.3,0.85,0.32,0.0127,0.2553,-0.1909,0.111,sympathetic,0.31,916,Archive Survey Team,historical_inference,0.95,Temporal boundary: Form 38 and The Breathing Mode occupy different time periods.,
EB-0086,MS-0045,Form 45,MS-0053,Form 53,structural,0.44,0.54,0.9,-0.5458,-0.3078,-0.1881,0.043,sympathetic,0.18,914,Archive Survey Team,tension_measurement,0.9,Structure divergence documented.,
EB-0087,MS-0074,Form 74,MS-0081,Form 81,temporal,0.61,0.39,0.81,-0.0142,-0.4476,-0.2917,0.208,neutral,0.36,1834,P. Tross,direct_observation,0.93,Time-based separation observed.,
EB-0088,MS-0053,Form 53,MS-0145,Form 145,structural,0.96,0.04,0.76,-0.2964,-0.2335,-0.0512,0.214,antipathetic,0.75,913,Senate Survey,trajectory_analysis,0.94,Morphological separation between Form 53 and Form 145.,
EB-0089,MS-0149,Form 149,MS-0083,Form 83,spatial,0.7,0.23,0.85,0.0281,0.1699,-0.09,0.044,neutral,0.55,1834,P. Tross,tension_measurement,0.55,Physical distance boundary documented at coordinates.,
EB-0090,MS-0086,Form 86,MS-0080,Form 80,behavioral,0.35,0.67,0.37,-0.4026,0.2889,-0.0107,0.215,sympathetic,0.17,920,P. Tross,tension_measurement,0.65,Pattern divergence between Form 86 and Form 80 behavior.,
EB-0091,MS-0092,Form 92,MS-0057,Form 57,categorical,0.88,0.14,0.76,0.3874,0.4448,0.167,0.042,antipathetic,0.81,1836,P. Tross,classification_boundary,0.63,Type boundary separating Form types.,
EB-0092,MS-0094,Form 94,MS-0070,Form 70,spatial,0.63,0.39,0.84,0.1819,-0.547,0.1058,0.027,oscillating,0.43,916,Senate Survey,classification_boundary,0.68,Morphospace region boundary separating Form 94 from Form 70.,
EB-0093,MS-0071,Form 71,MS-0072,Form 72,structural,0.48,0.5,0.63,-0.3825,-0.302,0.6972,0.207,sympathetic,0.24,1827,Western Archive Team,tension_measurement,0.64,Structural boundary: physical forms differ.,
EB-0094,MS-0103,Form 103,MS-0134,Form 134,categorical,0.58,0.43,0.88,-0.2315,0.0986,-0.3685,0.17,sympathetic,0.37,1840,Western Archive Team,direct_observation,0.84,Type boundary separating Form types.,
EB-0095,MS-0079,Form 79,MS-0070,Form 70,categorical,0.57,0.43,0.75,0.1602,-0.4148,0.4602,0.024,sympathetic,0.16,919,P. Tross,historical_inference,0.75,Type boundary separating Form types.,
EB-0096,MS-0030,Form 30,MS-0100,Form 100,spatial,0.93,0.06,0.55,0.1212,-0.1889,-0.0469,0.172,antipathetic,0.94,916,Western Archive Team,trajectory_analysis,0.9,Physical distance boundary documented at coordinates.,
EB-0097,MS-0082,Form 82,MS-0144,Form 144,identity,0.67,0.3,0.79,0.5193,0.6216,0.2332,0.052,neutral,0.49,914,Boundary Commission,direct_observation,0.61,Identity boundary: where Form 82 ends and Form 144 begins.,
EB-0098,MS-0091,Form 91,MS-0097,Form 97,spatial,0.57,0.34,0.9,-0.4933,0.1316,-0.3938,0.247,sympathetic,0.14,1836,P. Tross,direct_observation,0.68,Morphospace region boundary separating Form 91 from Form 97.,
EB-0099,EN-006,Tower of Mirado,MS-0135,Form 135,categorical,0.71,0.24,0.65,0.4118,0.0044,0.6655,0.126,neutral,0.55,927,P. Tross,direct_observation,0.87,Categorical separation—archivists classify these differently.,
EB-0100,EN-001,The Prebel Zone,MS-0039,Form 39,behavioral,0.52,0.44,0.37,-0.2001,0.41,-0.2296,0.087,sympathetic,0.39,916,P. Tross,tension_measurement,0.94,Behavioral boundary: The Prebel Zone acts differently from Form 39.,
EB-0101,MS-0079,Form 79,MS-0111,Form 111,spatial,0.85,0.18,0.95,-0.1315,-0.285,0.2252,0.205,antipathetic,0.84,1831,Western Archive Team,direct_observation,0.94,Spatial boundary between Form 79 and Form 111 in morphospace.,
EB-0102,EN-010,Cluster Alpha,EN-005,Yeller Quarry Region,spatial,0.63,0.37,0.74,0.35,-0.15,0.35,0.104,neutral,0.33,918,Boundary Commission,trajectory_analysis,0.78,Morphospace region boundary separating Cluster Alpha from Yeller Quarry Region.,
EB-0103,MS-0082,Form 82,MS-0107,Form 107,categorical,0.41,0.56,0.41,0.5582,0.4591,-0.2534,0.032,oscillating,0.37,1842,P. Tross,direct_observation,0.61,Category edge detected in constellation analysis.,
EB-0104,MS-0006,The Septenary Rhythm,MS-0045,Form 45,structural,0.72,0.25,0.91,-0.2691,-0.6214,0.0706,0.082,antipathetic,0.52,919,P. Tross,historical_inference,0.57,Structure divergence documented.,
EB-0105,MS-0092,Form 92,MS-0128,Form 128,structural,0.32,0.63,0.63,0.7627,0.3149,0.4084,0.199,sympathetic,0.21,912,Western Archive Team,trajectory_analysis,0.61,Structure divergence documented.,
EB-0106,EN-010,Cluster Alpha,MS-0027,The Five-Body Form,categorical,0.67,0.4,0.73,0.555,0.475,0.545,0.165,neutral,0.5,1829,P. Tross,tension_measurement,0.75,Category edge detected in constellation analysis.,
EB-0107,EN-008,Dead River Valley,MS-0102,Form 102,identity,0.7,0.27,0.47,-0.0574,-0.5968,-0.5675,0.116,neutral,0.34,914,Boundary Commission,tension_measurement,0.83,Identity boundary: where Dead River Valley ends and Form 102 begins.,
EB-0108,MS-0145,Form 145,MS-0091,Form 91,behavioral,0.59,0.36,0.65,-0.2268,0.0662,-0.1791,0.105,sympathetic,0.39,1845,Western Archive Team,direct_observation,0.56,Behavioral separation documented in field observations.,
EB-0109,MS-0076,Form 76,MS-0078,Form 78,behavioral,0.76,0.16,0.53,0.5326,-0.1794,0.2217,0.06,antipathetic,0.64,1849,Western Archive Team,trajectory_analysis,0.58,Behavioral boundary: Form 76 acts differently from Form 78.,
EB-0110,MS-0006,The Septenary Rhythm,MS-0079,Form 79,temporal,0.68,0.31,0.79,-0.1495,-0.4923,0.3593,0.045,neutral,0.5,1833,Western Archive Team,trajectory_analysis,0.59,Phase boundary in temporal pattern.,
EB-0111,MS-0031,Form 31,MS-0112,Form 112,spatial,0.5,0.48,0.78,0.435,0.4237,-0.5203,0.225,neutral,0.39,916,Archive Survey Team,direct_observation,0.67,Morphospace region boundary separating Form 31 from Form 112.,
EB-0112,MS-0052,Form 52,MS-0048,Form 48,spatial,0.69,0.29,0.83,-0.0316,-0.2438,0.2604,0.06,oscillating,0.44,1850,Western Archive Team,historical_inference,0.55,Spatial boundary between Form 52 and Form 48 in morphospace.,
EB-0113,MS-0003,The Breathing Mode,MS-0069,Form 69,categorical,0.48,0.48,0.47,-0.2741,0.5683,-0.3223,0.177,sympathetic,0.3,912,P. Tross,trajectory_analysis,0.83,Categorical separation—archivists classify these differently.,
EB-0114,MS-0035,Form 35,MS-0110,Form 110,behavioral,0.9,0.14,0.69,-0.1418,0.0715,-0.4694,0.155,antipathetic,0.88,916,P. Tross,trajectory_analysis,0.74,Pattern divergence between Form 35 and Form 110 behavior.,
EB-0115,MS-0105,Form 105,EN-006,Tower of Mirado,behavioral,0.93,0.05,0.89,0.23,0.2341,0.6388,0.234,antipathetic,0.52,913,Archive Survey Team,direct_observation,0.77,Pattern divergence between Form 105 and Tower of Mirado behavior.,
EB-0116,MS-0149,Form 149,MS-0089,Form 89,structural,0.81,0.22,0.46,-0.0768,0.5429,0.2401,0.105,antipathetic,0.57,917,P. Tross,tension_measurement,0.83,Morphological separation between Form 149 and Form 89.,
EB-0117,MS-0034,Form 34,EN-004,Capital Domain,structural,0.36,0.61,0.43,-0.099,0.1613,0.0536,0.117,sympathetic,0.21,914,Boundary Commission,tension_measurement,0.93,Structure divergence documented.,
EB-0118,MS-0098,Form 98,MS-0056,Form 56,temporal,0.71,0.32,0.57,-0.4724,-0.5253,0.1345,0.239,neutral,0.36,916,Archive Survey Team,classification_boundary,0.85,Phase boundary in temporal pattern.,
EB-0119,MS-0089,Form 89,MS-0146,Form 146,structural,0.98,0.02,0.7,-0.5502,-0.0019,0.3101,0.172,antipathetic,0.51,916,Archive Survey Team,tension_measurement,0.91,Form architecture differs across boundary.,
EB-0120,MS-0035,Form 35,MS-0126,Form 126,categorical,0.97,0.09,0.83,-0.3872,0.107,-0.4474,0.025,antipathetic,0.6,1849,Western Archive Team,direct_observation,0.68,Type boundary separating Form types.,
EB-0121,MS-0042,Form 42,MS-0142,Form 142,temporal,0.43,0.56,0.79,-0.4429,0.12,-0.3158,0.114,sympathetic,0.28,920,Boundary Commission,trajectory_analysis,0.74,Temporal boundary: Form 42 and Form 142 occupy different time periods.,
EB-0122,MS-0067,Form 67,MS-0107,Form 107,categorical,0.85,0.1,0.93,0.0359,0.4119,-0.4594,0.165,antipathetic,0.77,919,Independent Scholar,trajectory_analysis,0.81,Categorical separation—archivists classify these differently.,
EB-0123,MS-0072,Form 72,MS-0141,Form 141,categorical,0.38,0.64,0.83,-0.2803,-0.3384,0.1926,0.164,sympathetic,0.28,1844,P. Tross,tension_measurement,0.92,Classification boundary: Form 72 and Form 141 belong to distinct categories.,
EB-0124,MS-0100,Form 100,MS-0115,Form 115,spatial,0.29,0.76,0.57,0.0867,-0.2269,-0.5156,0.098,sympathetic,0.11,929,Archive Survey Team,historical_inference,0.7,Physical distance boundary documented at coordinates.,
EB-0125,MS-0033,Form 33,MS-0122,Form 122,categorical,0.4,0.53,0.89,-0.2195,-0.4067,0.1852,0.249,sympathetic,0.32,1834,Western Archive Team,trajectory_analysis,0.89,Categorical separation—archivists classify these differently.,
EB-0126,MS-0073,Form 73,MS-0132,Form 132,categorical,0.92,0.02,0.54,-0.1531,-0.127,0.1821,0.029,antipathetic,0.82,1828,Western Archive Team,historical_inference,0.77,Type boundary separating Form types.,
EB-0127,MS-0085,Form 85,EN-011,Cluster Beta,spatial,0.58,0.38,0.84,-0.5021,0.0244,0.0197,0.105,sympathetic,0.22,1827,Western Archive Team,tension_measurement,0.69,Spatial boundary between Form 85 and Cluster Beta in morphospace.,
EB-0128,MS-0078,Form 78,MS-0041,Form 41,behavioral,0.85,0.17,0.66,0.403,0.3559,0.2196,0.132,antipathetic,0.61,1830,P. Tross,direct_observation,0.87,Behavioral boundary: Form 78 acts differently from Form 41.,
EB-0129,MS-0034,Form 34,EN-011,Cluster Beta,spatial,0.37,0.7,0.72,-0.549,0.0613,0.0536,0.026,sympathetic,0.22,930,Boundary Commission,classification_boundary,0.64,Physical distance boundary documented at coordinates.,
EB-0130,MS-0114,Form 114,MS-0102,Form 102,behavioral,0.8,0.23,0.81,0.0203,-0.0418,-0.69,0.039,neutral,0.36,1837,Western Archive Team,tension_measurement,0.92,Pattern divergence between Form 114 and Form 102 behavior.,
EB-0131,MS-0041,Form 41,MS-0111,Form 111,spatial,0.9,0.1,0.34,0.1056,0.1867,-0.0935,0.037,antipathetic,0.73,1832,P. Tross,trajectory_analysis,0.82,Physical distance boundary documented at coordinates.,
EB-0132,MS-0070,Form 70,MS-0087,Form 87,structural,0.85,0.07,0.51,0.3087,-0.4519,0.4642,0.112,antipathetic,0.92,918,T. Vells,classification_boundary,0.65,Structure divergence documented.,
EB-0133,MS-0031,Form 31,MS-0068,Form 68,spatial,0.35,0.64,0.61,0.687,0.366,-0.4694,0.069,sympathetic,0.16,918,P. Tross,trajectory_analysis,0.59,Morphospace region boundary separating Form 31 from Form 68.,
EB-0134,MS-0119,Form 119,MS-0065,Form 65,behavioral,0.72,0.33,0.56,-0.0267,0.3607,-0.4056,0.16,neutral,0.42,923,P. Tross,classification_boundary,0.65,Action patterns differ across this boundary.,
EB-0135,MS-0066,Form 66,EN-008,Dead River Valley,categorical,0.78,0.27,0.9,-0.6341,-0.452,-0.5693,0.206,antipathetic,0.95,919,T. Vells,historical_inference,0.65,Categorical separation—archivists classify these differently.,
EB-0136,MS-0050,Form 50,MS-0055,Form 55,structural,0.7,0.35,0.95,-0.2239,-0.091,0.5071,0.131,antipathetic,0.73,1834,P. Tross,tension_measurement,0.72,Structure divergence documented.,
EB-0137,MS-0032,Form 32,MS-0035,Form 35,spatial,0.52,0.49,0.82,-0.0941,0.1332,-0.4011,0.137,sympathetic,0.39,1849,Western Archive Team,historical_inference,0.86,Geographic separation observed between Form 32 and Form 35.,
EB-0138,MS-0077,Form 77,MS-0109,Form 109,categorical,0.51,0.49,0.46,0.5067,0.551,0.2967,0.088,sympathetic,0.22,926,Archive Survey Team,tension_measurement,0.63,Classification boundary: Form 77 and Form 109 belong to distinct categories.,
EB-0139,MS-0138,Form 138,MS-0142,Form 142,categorical,0.5,0.51,0.88,-0.4152,0.0388,-0.2429,0.05,neutral,0.32,924,T. Vells,tension_measurement,0.88,Type boundary separating Form types.,
EB-0140,MS-0063,Form 63,MS-0059,Form 59,categorical,0.73,0.15,0.84,0.2311,0.2465,-0.0293,0.238,antipathetic,0.87,1835,P. Tross,direct_observation,0.69,Classification boundary: Form 63 and Form 59 belong to distinct categories.,
EB-0141,MS-0128,Form 128,MS-0093,Form 93,spatial,0.37,0.64,0.47,0.6893,0.315,0.443,0.073,sympathetic,0.24,914,P. Tross,historical_inference,0.67,Geographic separation observed between Form 128 and Form 93.,
EB-0142,MS-0096,Form 96,MS-0084,Form 84,behavioral,0.46,0.54,0.93,-0.4907,-0.6848,-0.1997,0.246,sympathetic,0.17,1835,Western Archive Team,historical_inference,0.63,Action patterns differ across this boundary.,
EB-0143,MS-0128,Form 128,MS-0100,Form 100,spatial,0.72,0.26,0.44,0.4901,-0.1195,0.0816,0.109,neutral,0.43,914,P. Tross,trajectory_analysis,0.67,Physical distance boundary documented at coordinates.,
EB-0144,MS-0081,Form 81,MS-0049,Form 49,spatial,0.74,0.26,0.45,0.2403,-0.1182,-0.5,0.15,neutral,0.41,1849,P. Tross,direct_observation,0.68,Morphospace region boundary separating Form 81 from Form 49.,
EB-0145,MS-0095,Form 95,MS-0114,Form 114,spatial,0.94,0.09,0.57,-0.3448,-0.0666,-0.3317,0.198,antipathetic,0.8,915,Senate Survey,trajectory_analysis,0.79,Physical distance boundary documented at coordinates.,
EB-0146,MS-0101,Form 101,MS-0040,Form 40,structural,0.89,0.09,0.68,-0.5347,-0.4585,-0.0524,0.163,antipathetic,0.84,929,Archive Survey Team,historical_inference,0.79,Structure divergence documented.,
EB-0147,MS-0106,Form 106,MS-0147,Form 147,behavioral,0.33,0.61,0.79,-0.1658,-0.3702,0.4169,0.237,sympathetic,0.28,918,T. Vells,historical_inference,0.57,Behavioral boundary: Form 106 acts differently from Form 147.,
EB-0148,MS-0087,Form 87,MS-0038,Form 38,categorical,0.49,0.54,0.43,0.0817,-0.2391,0.1073,0.173,sympathetic,0.37,919,Archive Survey Team,trajectory_analysis,0.69,Categorical separation—archivists classify these differently.,
EB-0149,EN-001,The Prebel Zone,MS-0146,Form 146,spatial,0.54,0.35,0.69,-0.2385,-0.0021,-0.2094,0.186,sympathetic,0.33,916,P. Tross,tension_measurement,0.9,Physical distance boundary documented at coordinates.,
EB-0150,MS-0050,Form 50,MS-0146,Form 146,spatial,0.97,0.04,0.5,-0.3149,-0.2668,0.174,0.16,antipathetic,0.68,912,T. Vells,historical_inference,0.7,Geographic separation observed between Form 50 and Form 146.,
EB-0151,EN-003,Western Archive Territory,MS-0101,Form 101,temporal,0.69,0.25,0.57,-0.4691,-0.2327,0.0857,0.161,oscillating,0.53,1848,Western Archive Team,trajectory_analysis,0.93,Before/after boundary in developmental sequence.,
EB-0152,MS-0064,Form 64,MS-0072,Form 72,identity,0.58,0.37,0.33,-0.041,-0.5716,0.5988,0.214,neutral,0.33,929,Archive Survey Team,historical_inference,0.73,Self/other boundary between entities.,
EB-0153,EN-011,Cluster Beta,MS-0119,Form 119,categorical,0.29,0.81,0.65,-0.4534,-0.1884,-0.1244,0.091,sympathetic,0.35,1825,Western Archive Team,direct_observation,0.9,Category edge detected in constellation analysis.,
EB-0154,MS-0137,Form 137,MS-0144,Form 144,spatial,0.45,0.64,0.75,0.2336,0.2291,0.3782,0.207,sympathetic,0.38,928,K. Strand,trajectory_analysis,0.79,Geographic separation observed between Form 137 and Form 144.,
EB-0155,MS-0036,Form 36,MS-0088,Form 88,categorical,0.41,0.65,0.68,0.0297,-0.3678,-0.19,0.052,sympathetic,0.24,915,P. Tross,direct_observation,0.75,Category edge detected in constellation analysis.,
EB-0156,MS-0073,Form 73,MS-0084,Form 84,structural,0.45,0.55,0.91,-0.7501,-0.5362,0.414,0.096,sympathetic,0.19,929,P. Tross,trajectory_analysis,0.55,Form architecture differs across boundary.,
EB-0157,MS-0143,Form 143,MS-0138,Form 138,categorical,0.41,0.55,0.47,-0.3357,0.0347,-0.3371,0.231,sympathetic,0.11,930,Senate Survey,historical_inference,0.75,Categorical separation—archivists classify these differently.,
EB-0158,MS-0132,Form 132,MS-0062,Form 62,identity,0.73,0.32,0.86,0.0954,-0.1913,0.0005,0.035,antipathetic,0.93,1845,P. Tross,classification_boundary,0.94,Identity boundary: where Form 132 ends and Form 62 begins.,
EB-0159,MS-0124,Form 124,MS-0147,Form 147,temporal,0.33,0.73,0.85,-0.317,-0.4055,0.4245,0.175,sympathetic,0.31,924,Boundary Commission,tension_measurement,0.59,Time-based separation observed.,
EB-0160,MS-0149,Form 149,MS-0132,Form 132,spatial,0.35,0.67,0.76,0.3942,0.2296,-0.308,0.13,sympathetic,0.31,1831,P. Tross,trajectory_analysis,0.88,Morphospace region boundary separating Form 149 from Form 132.,
EB-0161,MS-0071,Form 71,MS-0054,Form 54,spatial,0.34,0.69,0.93,-0.0221,-0.0368,0.7245,0.146,oscillating,0.51,1837,P. Tross,classification_boundary,0.67,Spatial boundary between Form 71 and Form 54 in morphospace.,
EB-0162,MS-0037,Form 37,MS-0097,Form 97,structural,0.7,0.3,0.91,-0.215,-0.4238,-0.2126,0.033,antipathetic,0.88,1848,P. Tross,direct_observation,0.71,Form architecture differs across boundary.,
EB-0163,MS-0111,Form 111,MS-0032,Form 32,structural,0.49,0.54,0.82,0.0102,-0.0057,-0.0107,0.045,neutral,0.31,1829,Western Archive Team,trajectory_analysis,0.93,Morphological separation between Form 111 and Form 32.,
EB-0164,MS-0070,Form 70,MS-0069,Form 69,behavioral,0.66,0.29,0.59,0.1856,0.1308,0.1337,0.054,neutral,0.47,1835,Western Archive Team,classification_boundary,0.88,Action patterns differ across this boundary.,
EB-0165,MS-0075,Form 75,MS-0134,Form 134,categorical,0.98,0.02,0.62,0.2035,0.2516,-0.1426,0.09,antipathetic,0.75,1826,P. Tross,tension_measurement,0.72,Type boundary separating Form types.,
EB-0166,EN-006,Tower of Mirado,MS-0071,Form 71,spatial,0.64,0.38,0.31,0.2082,0.2225,0.642,0.113,neutral,0.52,929,Archive Survey Team,direct_observation,0.61,Morphospace region boundary separating Tower of Mirado from Form 71.,
EB-0167,MS-0124,Form 124,MS-0102,Form 102,categorical,0.69,0.26,0.34,0.0243,-0.6534,-0.1324,0.046,neutral,0.5,928,Western Archive Team,classification_boundary,0.58,Categorical separation—archivists classify these differently.,
EB-0168,MS-0101,Form 101,EN-007,Northo Highlands,categorical,0.96,0.05,0.5,-0.3691,0.0173,0.1357,0.145,antipathetic,0.83,1842,P. Tross,tension_measurement,0.72,Category edge detected in constellation analysis.,
EB-0169,MS-0032,Form 32,MS-0102,Form 102,behavioral,0.95,0.04,0.46,0.1948,-0.2848,-0.4541,0.103,antipathetic,0.85,923,Archive Survey Team,tension_measurement,0.92,Pattern divergence between Form 32 and Form 102 behavior.,
EB-0170,EN-004,Capital Domain,MS-0141,Form 141,behavioral,0.39,0.59,0.66,0.3605,-0.1138,-0.1126,0.238,sympathetic,0.18,921,Independent Scholar,trajectory_analysis,0.8,Pattern divergence between Capital Domain and Form 141 behavior.,
EB-0171,MS-0132,Form 132,MS-0110,Form 110,categorical,0.28,0.74,0.31,0.1138,0.0372,-0.3336,0.043,sympathetic,0.26,916,K. Strand,historical_inference,0.57,Category edge detected in constellation analysis.,
EB-0172,MS-0102,Form 102,MS-0071,Form 71,spatial,0.48,0.55,0.49,0.2008,-0.3243,-0.0254,0.16,sympathetic,0.3,1835,P. Tross,classification_boundary,0.6,Morphospace region boundary separating Form 102 from Form 71.,
EB-0173,MS-0076,Form 76,MS-0142,Form 142,categorical,0.88,0.13,0.71,-0.0667,-0.0476,-0.3077,0.097,antipathetic,0.89,927,T. Vells,tension_measurement,0.78,Categorical separation—archivists classify these differently.,
EB-0174,MS-0120,Form 120,MS-0118,Form 118,categorical,0.98,0.02,0.7,-0.1357,-0.3226,-0.4277,0.048,antipathetic,0.6,1846,Western Archive Team,tension_measurement,0.94,Category edge detected in constellation analysis.,
EB-0175,MS-0120,Form 120,MS-0087,Form 87,categorical,0.9,0.13,0.38,-0.0387,-0.3699,-0.1454,0.058,antipathetic,0.9,925,Archive Survey Team,trajectory_analysis,0.93,Categorical separation—archivists classify these differently.,
EB-0176,EN-007,Northo Highlands,MS-0052,Form 52,categorical,0.43,0.5,0.38,-0.4715,0.1792,0.4534,0.199,sympathetic,0.17,1850,P. Tross,historical_inference,0.73,Category edge detected in constellation analysis.,
EB-0177,MS-0105,Form 105,MS-0080,Form 80,identity,0.79,0.23,0.58,-0.3881,0.1202,0.066,0.203,antipathetic,0.94,1833,Western Archive Team,classification_boundary,0.55,Entity boundary defining distinct identities.,
EB-0178,MS-0076,Form 76,MS-0004,The Tension,behavioral,0.71,0.27,0.37,0.4523,-0.0258,-0.0423,0.085,neutral,0.42,917,K. Strand,direct_observation,0.79,Pattern divergence between Form 76 and The Tension behavior.,
EB-0179,MS-0053,Form 53,MS-0109,Form 109,behavioral,0.62,0.42,0.49,-0.1112,0.2424,0.3094,0.053,neutral,0.31,1848,P. Tross,trajectory_analysis,0.61,Behavioral boundary: Form 53 acts differently from Form 109.,
EB-0180,MS-0109,Form 109,MS-0086,Form 86,temporal,0.96,0.02,0.73,0.0911,0.4067,0.6204,0.131,antipathetic,0.51,930,K. Strand,direct_observation,0.81,Time-based separation observed.,
EB-0181,MS-0105,Form 105,MS-0005,The Triad Form,behavioral,0.9,0.15,0.45,-0.095,0.3441,0.5138,0.059,antipathetic,0.81,914,Boundary Commission,direct_observation,0.65,Action patterns differ across this boundary.,
EB-0182,MS-0060,Form 60,EN-008,Dead River Valley,spatial,0.59,0.37,0.66,-0.3491,-0.5412,0.0694,0.067,sympathetic,0.37,1835,P. Tross,tension_measurement,0.59,Geographic separation observed between Form 60 and Dead River Valley.,
EB-0183,MS-0113,Form 113,MS-0047,Form 47,identity,0.85,0.05,0.47,0.1351,-0.3206,0.225,0.057,antipathetic,0.57,1845,P. Tross,classification_boundary,0.78,Self/other boundary between entities.,
EB-0184,MS-0050,Form 50,MS-0083,Form 83,behavioral,0.84,0.11,0.72,-0.1833,0.0625,0.2728,0.047,antipathetic,0.71,922,T. Vells,direct_observation,0.67,Action patterns differ across this boundary.,
EB-0185,MS-0058,Form 58,MS-0098,Form 98,structural,0.84,0.18,0.49,-0.2358,-0.0032,-0.0683,0.155,antipathetic,0.8,1847,P. Tross,tension_measurement,0.79,Structural boundary: physical forms differ.,
EB-0186,EN-011,Cluster Beta,MS-0141,Form 141,temporal,0.35,0.65,0.67,-0.0895,-0.2138,-0.1126,0.049,sympathetic,0.25,912,Archive Survey Team,classification_boundary,0.93,Time-based separation observed.,
EB-0187,MS-0066,Form 66,MS-0061,Form 61,categorical,0.96,0.02,0.91,-0.682,-0.3485,-0.6308,0.102,antipathetic,0.87,930,Western Archive Team,tension_measurement,0.78,Classification boundary: Form 66 and Form 61 belong to distinct categories.,
EB-0188,MS-0142,Form 142,MS-0113,Form 113,behavioral,0.51,0.54,0.46,-0.3311,0.2716,0.1966,0.14,sympathetic,0.23,1833,P. Tross,tension_measurement,0.7,Behavioral separation documented in field observations.,
EB-0189,MS-0104,Form 104,MS-0106,Form 106,behavioral,0.98,0.02,0.88,0.0869,-0.5887,-0.1621,0.207,antipathetic,0.85,919,Western Archive Team,classification_boundary,0.73,Behavioral boundary: Form 104 acts differently from Form 106.,
EB-0190,MS-0062,Form 62,MS-0069,Form 69,temporal,0.43,0.58,0.54,-0.2778,0.1,0.0019,0.168,sympathetic,0.11,1838,Western Archive Team,trajectory_analysis,0.82,Time-based separation observed.,
EB-0191,MS-0097,Form 97,MS-0088,Form 88,spatial,0.64,0.36,0.47,-0.0686,-0.3236,-0.1417,0.181,neutral,0.51,1826,P. Tross,historical_inference,0.65,Geographic separation observed between Form 97 and Form 88.,
EB-0192,MS-0084,Form 84,MS-0040,Form 40,behavioral,0.93,0.08,0.83,-0.6534,-0.4481,0.0152,0.078,antipathetic,0.55,1850,Western Archive Team,trajectory_analysis,0.76,Action patterns differ across this boundary.,
EB-0193,MS-0124,Form 124,MS-0095,Form 95,behavioral,0.56,0.45,0.37,-0.3409,-0.6782,0.2259,0.163,oscillating,0.43,1839,Western Archive Team,historical_inference,0.79,Pattern divergence between Form 124 and Form 95 behavior.,
EB-0194,MS-0106,Form 106,MS-0123,Form 123,spatial,0.8,0.21,0.83,-0.1199,-0.4818,0.5198,0.053,antipathetic,0.78,915,T. Vells,classification_boundary,0.75,Morphospace region boundary separating Form 106 from Form 123.,
EB-0195,EN-003,Western Archive Territory,MS-0134,Form 134,behavioral,0.98,0.02,0.5,-0.1341,0.2998,-0.1934,0.117,antipathetic,0.64,1845,Western Archive Team,trajectory_analysis,0.93,Behavioral separation documented in field observations.,
EB-0196,MS-0125,Form 125,MS-0120,Form 120,structural,0.48,0.39,0.72,-0.2959,-0.0758,-0.114,0.166,sympathetic,0.17,926,Western Archive Team,trajectory_analysis,0.76,Structural boundary: physical forms differ.,
EB-0197,MS-0050,Form 50,MS-0068,Form 68,behavioral,0.83,0.12,0.76,0.3684,0.0711,0.1029,0.216,antipathetic,0.61,922,Independent Scholar,classification_boundary,0.92,Behavioral separation documented in field observations.,
EB-0198,EN-010,Cluster Alpha,EN-003,Western Archive Territory,identity,0.96,0.02,0.52,0.0,0.3,0.2,0.113,antipathetic,0.85,918,P. Tross,classification_boundary,0.68,Self/other boundary between entities.,
EB-0199,MS-0142,Form 142,MS-0121,Form 121,categorical,0.68,0.36,0.67,-0.4102,0.5904,-0.0597,0.165,neutral,0.39,929,P. Tross,tension_measurement,0.62,Categorical separation—archivists classify these differently.,
EB-0200,MS-0111,Form 111,MS-0076,Form 76,behavioral,0.55,0.44,0.56,0.2353,-0.3486,-0.0915,0.108,sympathetic,0.18,1829,Western Archive Team,tension_measurement,0.57,Action patterns differ across this boundary.,
EB-0201,MS-0027,The Five-Body Form,MS-0066,Form 66,categorical,0.98,0.04,0.95,0.0209,0.123,0.0757,0.177,antipathetic,0.64,916,Senate Survey,classification_boundary,0.69,Category edge detected in constellation analysis.,
EB-0202,EN-003,Western Archive Territory,MS-0033,Form 33,categorical,0.51,0.47,0.4,-0.3758,0.1372,0.2529,0.231,sympathetic,0.23,930,T. Vells,direct_observation,0.75,Type boundary separating Form types.,
EB-0203,MS-0048,Form 48,MS-0067,Form 67,categorical,0.78,0.18,0.36,-0.0054,0.2269,-0.3559,0.075,antipathetic,0.6,916,Archive Survey Team,tension_measurement,0.86,Categorical separation—archivists classify these differently.,
EB-0204,MS-0108,Form 108,MS-0049,Form 49,temporal,0.56,0.44,0.76,0.411,0.3251,-0.2583,0.02,sympathetic,0.23,1848,P. Tross,tension_measurement,0.79,Phase boundary in temporal pattern.,
EB-0205,MS-0001,The Quintic Cycle,MS-0119,Form 119,spatial,0.52,0.49,0.68,-0.0784,0.1716,-0.0844,0.105,sympathetic,0.11,925,T. Vells,trajectory_analysis,0.7,Geographic separation observed between The Quintic Cycle and Form 119.,
EB-0206,MS-0001,The Quintic Cycle,MS-0075,Form 75,categorical,0.33,0.71,0.9,0.3626,0.2617,0.2408,0.078,sympathetic,0.16,1825,P. Tross,classification_boundary,0.67,Classification boundary: The Quintic Cycle and Form 75 belong to distinct categories.,
EB-0207,MS-0117,Form 117,MS-0094,Form 94,spatial,0.44,0.62,0.87,0.0682,-0.3267,-0.1123,0.13,sympathetic,0.3,913,P. Tross,classification_boundary,0.84,Morphospace region boundary separating Form 117 from Form 94.,
EB-0208,MS-0060,Form 60,MS-0044,Form 44,structural,0.89,0.15,0.83,-0.2235,-0.5755,0.4011,0.073,antipathetic,0.94,1840,P. Tross,historical_inference,0.87,Structure divergence documented.,
EB-0209,MS-0109,Form 109,MS-0136,Form 136,behavioral,0.47,0.56,0.83,0.5103,-0.0691,0.7182,0.245,sympathetic,0.35,917,Boundary Commission,direct_observation,0.71,Behavioral boundary: Form 109 acts differently from Form 136.,
EB-0210,MS-0054,Form 54,MS-0051,Form 51,categorical,0.49,0.58,0.57,-0.2964,0.0637,0.0319,0.033,sympathetic,0.15,926,Boundary Commission,classification_boundary,0.89,Category edge detected in constellation analysis.,
EB-0211,MS-0073,Form 73,MS-0072,Form 72,spatial,0.96,0.07,0.32,-0.703,-0.4884,0.7159,0.124,antipathetic,0.57,1842,P. Tross,historical_inference,0.63,Physical distance boundary documented at coordinates.,
EB-0212,MS-0121,Form 121,MS-0059,Form 59,temporal,0.94,0.15,0.51,-0.2777,0.5403,0.072,0.235,antipathetic,0.62,927,Boundary Commission,trajectory_analysis,0.91,Temporal boundary: Form 121 and Form 59 occupy different time periods.,
EB-0213,MS-0134,Form 134,MS-0057,Form 57,behavioral,0.97,0.1,0.47,0.066,0.2074,-0.2428,0.057,antipathetic,0.57,1828,Western Archive Team,historical_inference,0.55,Behavioral separation documented in field observations.,
EB-0214,MS-0105,Form 105,MS-0057,Form 57,structural,0.41,0.58,0.9,-0.0198,0.0917,0.3894,0.044,oscillating,0.52,922,Senate Survey,trajectory_analysis,0.65,Structural boundary: physical forms differ.,
EB-0215,MS-0069,Form 69,MS-0141,Form 141,spatial,0.74,0.25,0.48,-0.1036,0.3144,-0.3398,0.14,antipathetic,0.67,1831,P. Tross,tension_measurement,0.58,Spatial boundary between Form 69 and Form 141 in morphospace.,
EB-0216,MS-0050,Form 50,MS-0078,Form 78,structural,0.75,0.28,0.7,0.329,0.1868,0.6224,0.096,antipathetic,0.89,926,Western Archive Team,tension_measurement,0.6,Morphological separation between Form 50 and Form 78.,
EB-0217,MS-0123,Form 123,MS-0125,Form 125,temporal,0.56,0.47,0.49,-0.3511,-0.1709,0.4769,0.053,neutral,0.56,926,Senate Survey,trajectory_analysis,0.59,Before/after boundary in developmental sequence.,
EB-0218,MS-0040,Form 40,MS-0130,Form 130,behavioral,0.9,0.07,0.55,-0.3402,-0.4117,-0.2141,0.249,antipathetic,0.59,1830,Western Archive Team,historical_inference,0.78,Pattern divergence between Form 40 and Form 130 behavior.,
EB-0219,MS-0066,Form 66,EN-004,Capital Domain,behavioral,0.79,0.23,0.57,-0.0341,-0.302,-0.3193,0.117,antipathetic,0.84,919,Archive Survey Team,tension_measurement,0.95,Action patterns differ across this boundary.,
EB-0220,MS-0039,Form 39,EN-012,Cluster Gamma,behavioral,0.28,0.73,0.75,-0.2001,0.31,-0.1796,0.137,sympathetic,0.35,929,P. Tross,direct_observation,0.83,Behavioral boundary: Form 39 acts differently from Cluster Gamma.,
EB-0221,MS-0059,Form 59,MS-0045,Form 45,spatial,0.58,0.4,0.53,-0.4206,-0.1633,-0.148,0.165,sympathetic,0.22,917,P. Tross,tension_measurement,0.6,Morphospace region boundary separating Form 59 from Form 45.,
EB-0222,MS-0098,Form 98,MS-0139,Form 139,spatial,0.86,0.19,0.74,-0.1307,0.1001,0.293,0.174,antipathetic,0.62,926,Boundary Commission,tension_measurement,0.56,Spatial boundary between Form 98 and Form 139 in morphospace.,
EB-0223,MS-0096,Form 96,MS-0046,Form 46,spatial,0.69,0.34,0.6,-0.3949,-0.4893,-0.3976,0.102,antipathetic,0.85,1841,Western Archive Team,classification_boundary,0.68,Physical distance boundary documented at coordinates.,
EB-0224,MS-0005,The Triad Form,MS-0100,Form 100,categorical,0.91,0.02,0.44,0.0397,0.2628,-0.0355,0.151,antipathetic,0.81,926,Archive Survey Team,classification_boundary,0.67,Category edge detected in constellation analysis.,
EB-0225,MS-0089,Form 89,MS-0058,Form 58,temporal,0.62,0.36,0.3,-0.317,0.4779,0.2918,0.163,oscillating,0.59,927,P. Tross,direct_observation,0.67,Temporal boundary: Form 89 and Form 58 occupy different time periods.,
EB-0226,MS-0119,Form 119,MS-0138,Form 138,temporal,0.46,0.49,0.37,-0.4746,-0.1828,-0.2769,0.188,sympathetic,0.12,924,Boundary Commission,classification_boundary,0.75,Before/after boundary in developmental sequence.,
EB-0227,MS-0147,Form 147,EN-004,Capital Domain,behavioral,0.54,0.48,0.67,0.2013,-0.1989,0.2394,0.05,sympathetic,0.13,924,Western Archive Team,historical_inference,0.71,Behavioral separation documented in field observations.,
EB-0228,MS-0083,Form 83,MS-0104,Form 104,spatial,0.36,0.67,0.92,-0.003,-0.3403,-0.3501,0.129,sympathetic,0.21,927,P. Tross,tension_measurement,0.69,Morphospace region boundary separating Form 83 from Form 104.,
EB-0229,MS-0068,Form 68,MS-0112,Form 112,structural,0.55,0.48,0.52,0.5376,0.0292,-0.312,0.171,neutral,0.54,1846,P. Tross,classification_boundary,0.95,Morphological separation between Form 68 and Form 112.,
EB-0230,MS-0066,Form 66,MS-0069,Form 69,spatial,0.47,0.53,0.54,-0.4982,0.1262,-0.5466,0.225,sympathetic,0.14,929,P. Tross,tension_measurement,0.69,Morphospace region boundary separating Form 66 from Form 69.,
EB-0231,MS-0149,Form 149,MS-0042,Form 42,spatial,0.75,0.16,0.68,-0.0139,0.0794,-0.3048,0.055,neutral,0.5,1842,P. Tross,classification_boundary,0.63,Morphospace region boundary separating Form 149 from Form 42.,
EB-0232,MS-0076,Form 76,MS-0148,Form 148,structural,0.56,0.38,0.58,0.1504,-0.1298,-0.2774,0.213,neutral,0.53,1851,Western Archive Team,trajectory_analysis,0.94,Morphological separation between Form 76 and Form 148.,
EB-0233,MS-0062,Form 62,MS-0076,Form 76,spatial,0.58,0.34,0.72,0.0635,-0.5091,0.0118,0.047,sympathetic,0.39,914,Archive Survey Team,tension_measurement,0.81,Physical distance boundary documented at coordinates.,
EB-0234,MS-0058,Form 58,MS-0035,Form 35,behavioral,0.28,0.74,0.95,-0.1016,0.1987,-0.3921,0.241,sympathetic,0.35,1849,Western Archive Team,tension_measurement,0.88,Behavioral boundary: Form 58 acts differently from Form 35.,
EB-0235,MS-0098,Form 98,MS-0110,Form 110,behavioral,0.65,0.41,0.6,-0.276,-0.1305,-0.1456,0.204,neutral,0.41,920,P. Tross,trajectory_analysis,0.95,Behavioral separation documented in field observations.,
EB-0236,MS-0142,Form 142,MS-0040,Form 40,categorical,0.42,0.61,0.51,-0.5096,0.1575,-0.1784,0.162,sympathetic,0.31,923,Western Archive Team,trajectory_analysis,0.6,Type boundary separating Form types.,
EB-0237,MS-0124,Form 124,MS-0030,Form 30,structural,0.4,0.68,0.63,-0.2118,-0.4482,0.3986,0.195,sympathetic,0.24,923,T. Vells,tension_measurement,0.6,Structural boundary: physical forms differ.,
EB-0238,MS-0105,Form 105,EN-001,The Prebel Zone,spatial,0.49,0.54,0.88,0.03,0.3841,0.1888,0.16,oscillating,0.49,914,Western Archive Team,trajectory_analysis,0.6,Geographic separation observed between Form 105 and The Prebel Zone.,
EB-0239,MS-0056,Form 56,MS-0140,Form 140,behavioral,0.98,0.02,0.38,-0.3714,-0.0365,-0.1653,0.19,antipathetic,0.8,925,Boundary Commission,classification_boundary,0.76,Pattern divergence between Form 56 and Form 140 behavior.,
EB-0240,MS-0046,Form 46,MS-0093,Form 93,identity,0.64,0.33,0.55,0.0219,0.2104,0.0063,0.026,sympathetic,0.11,916,Archive Survey Team,direct_observation,0.65,Individual identity separation.,
EB-0241,MS-0002,The Binary Division,MS-0063,Form 63,spatial,0.94,0.02,0.93,0.0826,-0.1417,0.0194,0.058,antipathetic,0.94,912,K. Strand,trajectory_analysis,0.95,Geographic separation observed between The Binary Division and Form 63.,
EB-0242,MS-0112,Form 112,MS-0027,The Five-Body Form,spatial,0.86,0.12,0.58,0.4978,0.3685,0.2636,0.186,antipathetic,0.65,1840,Western Archive Team,classification_boundary,0.75,Physical distance boundary documented at coordinates.,
EB-0243,MS-0112,Form 112,MS-0144,Form 144,behavioral,0.88,0.09,0.66,0.485,0.368,0.1587,0.1,antipathetic,0.91,919,Western Archive Team,historical_inference,0.89,Action patterns differ across this boundary.,
EB-0244,MS-0127,Form 127,MS-0046,Form 46,behavioral,0.49,0.34,0.95,-0.3918,-0.4382,-0.1951,0.057,sympathetic,0.39,1834,Western Archive Team,classification_boundary,0.6,Behavioral boundary: Form 127 acts differently from Form 46.,
EB-0245,MS-0041,Form 41,MS-0061,Form 61,structural,0.34,0.65,0.91,-0.3003,0.108,-0.4308,0.126,sympathetic,0.36,1832,P. Tross,classification_boundary,0.68,Form architecture differs across boundary.,
EB-0246,MS-0076,Form 76,MS-0072,Form 72,spatial,0.97,0.03,0.33,-0.1635,-0.6054,0.1879,0.068,antipathetic,0.77,1835,Western Archive Team,classification_boundary,0.92,Spatial boundary between Form 76 and Form 72 in morphospace.,
EB-0247,MS-0105,Form 105,MS-0134,Form 134,identity,0.39,0.72,0.76,0.0459,0.184,0.0455,0.108,sympathetic,0.12,1848,Western Archive Team,direct_observation,0.81,Identity boundary: where Form 105 ends and Form 134 begins.,
EB-0248,MS-0080,Form 80,MS-0099,Form 99,behavioral,0.6,0.48,0.9,-0.2082,0.3581,-0.075,0.095,neutral,0.41,928,T. Vells,classification_boundary,0.9,Behavioral separation documented in field observations.,
EB-0249,MS-0111,Form 111,MS-0120,Form 120,temporal,0.51,0.47,0.78,0.0603,-0.1833,-0.2228,0.206,sympathetic,0.27,1827,P. Tross,direct_observation,0.77,Time-based separation observed.,
EB-0250,MS-0074,Form 74,MS-0079,Form 79,structural,0.41,0.52,0.53,-0.4312,-0.5464,-0.0277,0.08,oscillating,0.34,922,Archive Survey Team,tension_measurement,0.87,Structural boundary: physical forms differ.,
EB-0251,MS-0069,Form 69,MS-0064,Form 64,categorical,0.44,0.52,0.64,0.1357,0.0812,0.0664,0.071,sympathetic,0.3,918,Independent Scholar,tension_measurement,0.65,Categorical separation—archivists classify these differently.,
EB-0252,MS-0135,Form 135,MS-0080,Form 80,behavioral,0.67,0.24,0.9,-0.2064,-0.1095,0.0926,0.129,neutral,0.49,926,Independent Scholar,historical_inference,0.73,Action patterns differ across this boundary.,
EB-0253,MS-0071,Form 71,EN-004,Capital Domain,behavioral,0.54,0.58,0.59,0.2582,-0.0775,0.392,0.098,sympathetic,0.21,921,P. Tross,trajectory_analysis,0.59,Behavioral separation documented in field observations.,
EB-0254,MS-0086,Form 86,MS-0137,Form 137,structural,0.48,0.52,0.47,-0.143,0.1074,0.3002,0.227,neutral,0.34,921,P. Tross,trajectory_analysis,0.91,Structural boundary: physical forms differ.,
EB-0255,MS-0056,Form 56,MS-0139,Form 139,temporal,0.77,0.26,0.65,-0.242,-0.1636,0.4088,0.09,antipathetic,0.51,912,T. Vells,classification_boundary,0.71,Phase boundary in temporal pattern.,
EB-0256,MS-0043,Form 43,MS-0066,Form 66,spatial,0.5,0.49,0.94,-0.6484,-0.0333,-0.1538,0.088,sympathetic,0.28,926,Archive Survey Team,direct_observation,0.93,Physical distance boundary documented at coordinates.,
EB-0257,MS-0043,Form 43,MS-0099,Form 99,structural,0.96,0.04,0.78,-0.1543,0.4407,0.4135,0.155,antipathetic,0.94,919,T. Vells,classification_boundary,0.71,Morphological separation between Form 43 and Form 99.,
EB-0258,EN-005,Yeller Quarry Region,MS-0106,Form 106,spatial,0.92,0.13,0.36,0.0829,-0.5712,0.4775,0.179,antipathetic,0.74,915,Senate Survey,trajectory_analysis,0.85,Physical distance boundary documented at coordinates.,
EB-0259,MS-0147,Form 147,MS-0148,Form 148,structural,0.6,0.43,0.34,-0.1256,0.0521,0.0794,0.051,neutral,0.5,915,K. Strand,direct_observation,0.76,Structure divergence documented.,
EB-0260,MS-0035,Form 35,MS-0038,Form 38,spatial,0.84,0.09,0.53,0.0764,0.0864,-0.3604,0.033,antipathetic,0.72,1833,P. Tross,direct_observation,0.58,Morphospace region boundary separating Form 35 from Form 38.,
EB-0261,MS-0059,Form 59,MS-0133,Form 133,temporal,0.51,0.53,0.74,0.0096,0.042,0.1089,0.042,neutral,0.37,916,Boundary Commission,direct_observation,0.87,Time-based separation observed.,
EB-0262,MS-0109,Form 109,MS-0128,Form 128,structural,0.39,0.65,0.87,0.501,0.1316,0.6503,0.232,sympathetic,0.26,927,P. Tross,direct_observation,0.77,Structural boundary: physical forms differ.,
EB-0263,MS-0132,Form 132,MS-0055,Form 55,spatial,0.84,0.13,0.84,0.0117,-0.1394,0.095,0.151,antipathetic,0.94,916,Archive Survey Team,historical_inference,0.95,Spatial boundary between Form 132 and Form 55 in morphospace.,
EB-0264,MS-0102,Form 102,MS-0045,Form 45,spatial,0.42,0.61,0.63,-0.0665,-0.6933,-0.5069,0.208,sympathetic,0.12,1841,Western Archive Team,historical_inference,0.8,Morphospace region boundary separating Form 102 from Form 45.,
EB-0265,MS-0044,Form 44,MS-0097,Form 97,spatial,0.6,0.39,0.87,-0.5004,-0.4909,-0.0855,0.188,oscillating,0.57,915,Archive Survey Team,trajectory_analysis,0.83,Morphospace region boundary separating Form 44 from Form 97.,
EB-0266,MS-0098,Form 98,MS-0046,Form 46,behavioral,0.54,0.46,0.89,-0.4725,-0.3077,-0.1353,0.232,neutral,0.57,925,Senate Survey,classification_boundary,0.91,Pattern divergence between Form 98 and Form 46 behavior.,
EB-0267,MS-0081,Form 81,MS-0124,Form 124,spatial,0.66,0.32,0.75,0.0092,-0.425,0.1203,0.246,neutral,0.31,1826,P. Tross,tension_measurement,0.61,Spatial boundary between Form 81 and Form 124 in morphospace.,
EB-0268,MS-0112,Form 112,MS-0064,Form 64,spatial,0.51,0.5,0.9,0.4426,-0.2036,0.0622,0.085,neutral,0.56,929,P. Tross,trajectory_analysis,0.73,Spatial boundary between Form 112 and Form 64 in morphospace.,
EB-0269,MS-0144,Form 144,MS-0123,Form 123,categorical,0.78,0.11,0.72,0.2894,0.114,0.6324,0.048,neutral,0.55,929,Boundary Commission,classification_boundary,0.64,Type boundary separating Form types.,
EB-0270,MS-0117,Form 117,MS-0083,Form 83,spatial,0.93,0.11,0.35,0.0791,0.0,0.1323,0.049,antipathetic,0.62,912,P. Tross,direct_observation,0.65,Morphospace region boundary separating Form 117 from Form 83.,
EB-0271,MS-0148,Form 148,MS-0099,Form 99,structural,0.37,0.67,0.81,0.1331,0.4231,0.0878,0.18,sympathetic,0.21,927,Western Archive Team,tension_measurement,0.58,Structure divergence documented.,
EB-0272,MS-0135,Form 135,MS-0069,Form 69,spatial,0.86,0.16,0.88,-0.0023,0.1327,0.1882,0.131,antipathetic,0.72,1831,Western Archive Team,historical_inference,0.85,Spatial boundary between Form 135 and Form 69 in morphospace.,
EB-0273,MS-0053,Form 53,MS-0102,Form 102,behavioral,0.38,0.62,0.67,0.0058,-0.3082,-0.4162,0.072,sympathetic,0.16,921,Archive Survey Team,classification_boundary,0.59,Behavioral separation documented in field observations.,
EB-0274,MS-0091,Form 91,MS-0147,Form 147,spatial,0.48,0.6,0.53,-0.2659,0.2393,0.0128,0.146,oscillating,0.44,926,Senate Survey,classification_boundary,0.59,Physical distance boundary documented at coordinates.,
EB-0275,EN-008,Dead River Valley,MS-0139,Form 139,spatial,0.5,0.44,0.4,-0.2501,-0.0191,0.0837,0.071,sympathetic,0.11,919,T. Vells,classification_boundary,0.95,Spatial boundary between Dead River Valley and Form 139 in morphospace.,
EB-0276,MS-0112,Form 112,MS-0038,Form 38,spatial,0.91,0.02,0.71,0.2655,0.0588,-0.2273,0.109,antipathetic,0.55,918,Boundary Commission,classification_boundary,0.87,Geographic separation observed between Form 112 and Form 38.,
EB-0277,MS-0099,Form 99,MS-0048,Form 48,spatial,0.39,0.54,0.55,0.4998,0.249,0.1549,0.239,sympathetic,0.29,914,Senate Survey,trajectory_analysis,0.59,Morphospace region boundary separating Form 99 from Form 48.,
EB-0278,MS-0060,Form 60,MS-0036,Form 36,structural,0.73,0.29,0.81,-0.2769,-0.542,0.0039,0.039,antipathetic,0.81,917,Archive Survey Team,historical_inference,0.78,Form architecture differs across boundary.,
EB-0279,MS-0101,Form 101,MS-0003,The Breathing Mode,behavioral,0.98,0.05,0.66,-0.3791,-0.1427,-0.1593,0.064,antipathetic,0.78,1830,P. Tross,trajectory_analysis,0.67,Action patterns differ across this boundary.,
EB-0280,MS-0080,Form 80,MS-0006,The Septenary Rhythm,temporal,0.84,0.09,0.9,-0.3281,-0.1889,-0.0629,0.14,neutral,0.31,921,P. Tross,historical_inference,0.69,Time-based separation observed.,
EB-0281,MS-0147,Form 147,MS-0119,Form 119,behavioral,0.51,0.41,0.49,-0.402,-0.0873,0.0151,0.149,sympathetic,0.2,920,Independent Scholar,tension_measurement,0.93,Action patterns differ across this boundary.,
EB-0282,MS-0049,Form 49,MS-0123,Form 123,structural,0.68,0.28,0.71,-0.04,-0.2103,-0.093,0.043,neutral,0.6,1849,Western Archive Team,historical_inference,0.88,Form architecture differs across boundary.,
EB-0283,EN-004,Capital Domain,MS-0092,Form 92,structural,0.5,0.53,0.78,0.6873,0.2872,0.1664,0.061,sympathetic,0.13,912,P. Tross,direct_observation,0.6,Structural boundary: physical forms differ.,
EB-0284,MS-0045,Form 45,MS-0126,Form 126,temporal,0.48,0.5,0.66,-0.65,-0.3106,-0.2723,0.066,sympathetic,0.37,915,P. Tross,historical_inference,0.93,Phase boundary in temporal pattern.,
EB-0285,MS-0065,Form 65,MS-0027,The Five-Body Form,structural,0.82,0.18,0.91,0.6316,0.6741,0.2138,0.183,antipathetic,0.65,926,P. Tross,classification_boundary,0.56,Morphological separation between Form 65 and The Five-Body Form.,
EB-0286,MS-0045,Form 45,MS-0131,Form 131,identity,0.65,0.31,0.87,-0.3964,-0.5578,-0.0477,0.083,neutral,0.39,1843,Western Archive Team,historical_inference,0.9,Self/other boundary between entities.,
EB-0287,MS-0121,Form 121,MS-0053,Form 53,categorical,0.83,0.19,0.86,-0.403,0.3957,0.0319,0.228,antipathetic,0.78,913,K. Strand,classification_boundary,0.68,Categorical separation—archivists classify these differently.,
EB-0288,MS-0063,Form 63,MS-0006,The Septenary Rhythm,spatial,0.55,0.45,0.9,0.3826,-0.2117,0.1894,0.243,sympathetic,0.36,1849,Western Archive Team,classification_boundary,0.94,Spatial boundary between Form 63 and The Septenary Rhythm in morphospace.,
EB-0289,MS-0119,Form 119,MS-0075,Form 75,categorical,0.41,0.58,0.48,-0.1657,0.1133,-0.0236,0.075,sympathetic,0.23,1844,Western Archive Team,historical_inference,0.71,Type boundary separating Form types.,
EB-0290,MS-0071,Form 71,MS-0112,Form 112,behavioral,0.78,0.22,0.84,0.101,0.066,0.1606,0.084,antipathetic,0.62,917,Archive Survey Team,classification_boundary,0.84,Action patterns differ across this boundary.,
EB-0291,MS-0124,Form 124,MS-0003,The Breathing Mode,identity,0.39,0.59,0.45,-0.3283,-0.0666,0.0901,0.029,sympathetic,0.33,912,P. Tross,direct_observation,0.74,Self/other boundary between entities.,
EB-0292,MS-0070,Form 70,MS-0135,Form 135,categorical,0.53,0.55,0.64,0.5115,-0.3931,0.6765,0.04,oscillating,0.47,927,K. Strand,tension_measurement,0.84,Categorical separation—archivists classify these differently.,
EB-0293,MS-0114,Form 114,MS-0149,Form 149,categorical,0.68,0.26,0.71,-0.0372,0.4977,-0.4518,0.117,neutral,0.34,1832,P. Tross,direct_observation,0.78,Categorical separation—archivists classify these differently.,
EB-0294,MS-0055,Form 55,MS-0119,Form 119,spatial,0.49,0.45,0.62,-0.5008,-0.1647,0.0993,0.183,sympathetic,0.21,918,Independent Scholar,direct_observation,0.63,Physical distance boundary documented at coordinates.,
EB-0295,MS-0110,Form 110,MS-0122,Form 122,categorical,0.4,0.66,0.34,-0.1392,-0.3936,-0.1226,0.066,sympathetic,0.3,1845,Western Archive Team,classification_boundary,0.67,Type boundary separating Form types.,
EB-0296,MS-0082,Form 82,MS-0133,Form 133,temporal,0.98,0.08,0.59,0.2982,0.1559,0.0107,0.222,antipathetic,0.72,1848,Western Archive Team,classification_boundary,0.72,Temporal boundary: Form 82 and Form 133 occupy different time periods.,
EB-0297,MS-0053,Form 53,MS-0031,Form 31,categorical,0.82,0.12,0.83,0.0554,0.4189,-0.3876,0.18,antipathetic,0.67,928,K. Strand,historical_inference,0.8,Category edge detected in constellation analysis.,
EB-0298,MS-0086,Form 86,MS-0147,Form 147,behavioral,0.91,0.02,0.92,-0.1332,0.1039,0.4516,0.055,antipathetic,0.6,916,Independent Scholar,trajectory_analysis,0.82,Behavioral separation documented in field observations.,
EB-0299,MS-0031,Form 31,MS-0129,Form 129,categorical,0.85,0.2,0.53,0.2531,0.7691,-0.2923,0.082,antipathetic,0.77,917,Boundary Commission,historical_inference,0.71,Type boundary separating Form types.,
EB-0300,MS-0099,Form 99,MS-0079,Form 79,structural,0.56,0.4,0.32,-0.0296,0.0548,0.3472,0.076,oscillating,0.57,1839,P. Tross,direct_observation,0.69,Form architecture differs across boundary.,
EB-0301,MS-0075,Form 75,MS-0143,Form 143,temporal,0.59,0.31,0.31,-0.0269,0.3309,-0.0838,0.164,sympathetic,0.37,1833,P. Tross,classification_boundary,0.65,Temporal boundary: Form 75 and Form 143 occupy different time periods.,
EB-0302,MS-0117,Form 117,MS-0124,Form 124,spatial,0.39,0.64,0.33,0.0177,-0.2837,0.328,0.042,sympathetic,0.32,920,Archive Survey Team,trajectory_analysis,0.63,Physical distance boundary documented at coordinates.,
EB-0303,EN-003,Western Archive Territory,MS-0124,Form 124,spatial,0.41,0.61,0.89,-0.4183,-0.1566,0.3351,0.139,sympathetic,0.35,1839,P. Tross,historical_inference,0.6,Morphospace region boundary separating Western Archive Territory from Form 124.,
EB-0304,MS-0043,Form 43,MS-0075,Form 75,identity,0.48,0.42,0.84,-0.1767,0.2704,0.3664,0.141,sympathetic,0.13,918,Western Archive Team,direct_observation,0.72,Identity boundary: where Form 43 ends and Form 75 begins.,
EB-0305,MS-0136,Form 136,MS-0046,Form 46,behavioral,0.98,0.02,0.7,0.0928,-0.4498,0.2153,0.168,antipathetic,0.73,926,P. Tross,direct_observation,0.86,Behavioral separation documented in field observations.,
EB-0306,EN-007,Northo Highlands,MS-0149,Form 149,spatial,0.62,0.39,0.77,0.085,0.5927,0.0207,0.11,oscillating,0.54,1833,P. Tross,tension_measurement,0.56,Morphospace region boundary separating Northo Highlands from Form 149.,
EB-0307,MS-0074,Form 74,MS-0064,Form 64,structural,0.84,0.11,0.33,0.0581,-0.5762,0.0666,0.228,antipathetic,0.85,1835,Western Archive Team,classification_boundary,0.67,Morphological separation between Form 74 and Form 64.,
EB-0308,MS-0093,Form 93,MS-0099,Form 99,spatial,0.48,0.44,0.61,0.4738,0.6593,0.3488,0.109,neutral,0.5,922,T. Vells,direct_observation,0.56,Spatial boundary between Form 93 and Form 99 in morphospace.,
EB-0309,EN-004,Capital Domain,MS-0035,Form 35,temporal,0.49,0.52,0.61,0.2537,-0.0289,-0.2645,0.09,sympathetic,0.33,1842,Western Archive Team,trajectory_analysis,0.71,Before/after boundary in developmental sequence.,
EB-0310,MS-0106,Form 106,MS-0109,Form 109,spatial,0.8,0.21,0.53,0.0585,-0.0674,0.5856,0.04,neutral,0.52,919,Boundary Commission,trajectory_analysis,0.72,Spatial boundary between Form 106 and Form 109 in morphospace.,
EB-0311,MS-0048,Form 48,MS-0056,Form 56,categorical,0.92,0.05,0.5,0.048,-0.4175,0.0821,0.023,antipathetic,0.72,1843,P. Tross,classification_boundary,0.61,Category edge detected in constellation analysis.,
EB-0312,MS-0040,Form 40,MS-0131,Form 131,identity,0.63,0.41,0.36,-0.3529,-0.2871,0.0536,0.026,neutral,0.6,926,Senate Survey,direct_observation,0.82,Entity boundary defining distinct identities.,
EB-0313,MS-0064,Form 64,MS-0118,Form 118,spatial,0.32,0.59,0.55,0.1618,-0.4541,0.1146,0.036,sympathetic,0.35,1841,P. Tross,tension_measurement,0.88,Physical distance boundary documented at coordinates.,
EB-0314,MS-0143,Form 143,MS-0059,Form 59,spatial,0.53,0.49,0.61,-0.276,0.4123,-0.2433,0.077,oscillating,0.58,926,P. Tross,historical_inference,0.75,Morphospace region boundary separating Form 143 from Form 59.,
EB-0315,MS-0126,Form 126,MS-0115,Form 115,spatial,0.33,0.73,0.89,-0.3689,-0.1439,-0.438,0.103,sympathetic,0.12,914,P. Tross,trajectory_analysis,0.73,Physical distance boundary documented at coordinates.,
EB-0316,MS-0055,Form 55,MS-0038,Form 38,spatial,0.53,0.57,0.72,-0.0747,-0.161,0.2278,0.065,neutral,0.36,916,Archive Survey Team,historical_inference,0.88,Physical distance boundary documented at coordinates.,
EB-0317,EN-002,The Dens Boundary,MS-0057,Form 57,spatial,0.79,0.17,0.59,-0.3999,0.5076,0.1006,0.119,antipathetic,0.84,916,Archive Survey Team,tension_measurement,0.77,Geographic separation observed between The Dens Boundary and Form 57.,
EB-0318,MS-0116,Form 116,MS-0072,Form 72,behavioral,0.64,0.3,0.3,-0.6401,-0.2599,0.5698,0.084,oscillating,0.39,1833,Western Archive Team,historical_inference,0.61,Behavioral separation documented in field observations.,
EB-0319,MS-0067,Form 67,MS-0130,Form 130,temporal,0.76,0.18,0.92,-0.4198,-0.0861,-0.4889,0.146,neutral,0.47,917,Independent Scholar,historical_inference,0.76,Before/after boundary in developmental sequence.,
EB-0320,EN-011,Cluster Beta,MS-0096,Form 96,spatial,0.42,0.6,0.82,-0.2529,-0.5124,-0.203,0.159,sympathetic,0.29,921,K. Strand,historical_inference,0.57,Morphospace region boundary separating Cluster Beta from Form 96.,
EB-0321,MS-0035,Form 35,MS-0048,Form 48,spatial,0.69,0.27,0.52,0.2935,0.0481,-0.3575,0.101,oscillating,0.49,1844,Western Archive Team,tension_measurement,0.57,Spatial boundary between Form 35 and Form 48 in morphospace.,
EB-0322,MS-0060,Form 60,MS-0082,Form 82,categorical,0.98,0.06,0.37,0.128,0.0058,0.1625,0.078,antipathetic,0.8,915,P. Tross,trajectory_analysis,0.77,Categorical separation—archivists classify these differently.,
EB-0323,MS-0065,Form 65,MS-0043,Form 43,categorical,0.96,0.02,0.72,-0.0377,0.5178,-0.0157,0.214,antipathetic,0.56,1831,Western Archive Team,trajectory_analysis,0.74,Categorical separation—archivists classify these differently.,
EB-0324,MS-0129,Form 129,MS-0141,Form 141,categorical,0.98,0.04,0.61,0.0214,0.375,-0.116,0.065,antipathetic,0.74,1846,P. Tross,tension_measurement,0.79,Classification boundary: Form 129 and Form 141 belong to distinct categories.,
EB-0325,MS-0086,Form 86,MS-0105,Form 105,structural,0.69,0.29,0.68,-0.0544,0.237,0.601,0.067,neutral,0.54,918,T. Vells,direct_observation,0.63,Form architecture differs across boundary.,
EB-0326,EN-003,Western Archive Territory,MS-0076,Form 76,temporal,0.75,0.23,0.37,-0.0227,-0.1308,-0.0673,0.024,neutral,0.4,929,Boundary Commission,direct_observation,0.71,Before/after boundary in developmental sequence.,
EB-0327,MS-0097,Form 97,MS-0052,Form 52,spatial,0.52,0.39,0.49,-0.6976,-0.4274,0.0862,0.092,sympathetic,0.16,922,P. Tross,historical_inference,0.69,Spatial boundary between Form 97 and Form 52 in morphospace.,
EB-0328,MS-0044,Form 44,MS-0135,Form 135,categorical,0.34,0.7,0.81,-0.0126,-0.4798,0.4972,0.139,sympathetic,0.31,916,Archive Survey Team,direct_observation,0.59,Category edge detected in constellation analysis.,
EB-0329,MS-0061,Form 61,MS-0001,The Quintic Cycle,spatial,0.42,0.57,0.84,-0.1229,0.0136,-0.1714,0.063,sympathetic,0.25,1846,P. Tross,direct_observation,0.88,Geographic separation observed between Form 61 and The Quintic Cycle.,
EB-0330,EN-008,Dead River Valley,MS-0141,Form 141,categorical,0.58,0.46,0.58,-0.2395,-0.2638,-0.3626,0.072,neutral,0.58,915,Independent Scholar,historical_inference,0.87,Classification boundary: Dead River Valley and Form 141 belong to distinct categories.,
EB-0331,MS-0005,The Triad Form,MS-0051,Form 51,categorical,0.39,0.68,0.84,-0.3911,0.433,-0.1756,0.132,sympathetic,0.26,1849,P. Tross,trajectory_analysis,0.65,Categorical separation—archivists classify these differently.,
EB-0332,MS-0048,Form 48,MS-0096,Form 96,spatial,0.48,0.54,0.67,0.2369,-0.3354,-0.296,0.106,oscillating,0.45,1841,P. Tross,trajectory_analysis,0.59,Spatial boundary between Form 48 and Form 96 in morphospace.,
EB-0333,MS-0129,Form 129,MS-0107,Form 107,temporal,0.79,0.23,0.9,0.342,0.5509,-0.0999,0.246,antipathetic,0.73,1828,P. Tross,tension_measurement,0.64,Before/after boundary in developmental sequence.,
EB-0334,MS-0118,Form 118,MS-0084,Form 84,behavioral,0.38,0.64,0.34,-0.5259,-0.5794,-0.0758,0.233,sympathetic,0.37,926,P. Tross,historical_inference,0.68,Action patterns differ across this boundary.,
EB-0335,MS-0044,Form 44,MS-0065,Form 65,categorical,0.63,0.39,0.8,0.1023,0.0648,-0.0995,0.205,sympathetic,0.13,913,Boundary Commission,historical_inference,0.85,Categorical separation—archivists classify these differently.,
EB-0336,MS-0113,Form 113,MS-0030,Form 30,temporal,0.56,0.41,0.62,-0.0806,-0.1033,0.5005,0.028,neutral,0.55,930,Boundary Commission,direct_observation,0.78,Before/after boundary in developmental sequence.,
EB-0337,MS-0140,Form 140,MS-0043,Form 43,behavioral,0.72,0.29,0.94,-0.3939,0.5267,-0.0748,0.049,neutral,0.6,918,Boundary Commission,classification_boundary,0.61,Pattern divergence between Form 140 and Form 43 behavior.,
EB-0338,MS-0096,Form 96,MS-0031,Form 31,identity,0.98,0.02,0.92,0.1893,0.0678,-0.5918,0.083,antipathetic,0.52,924,T. Vells,classification_boundary,0.79,Identity boundary: where Form 96 ends and Form 31 begins.,
EB-0339,MS-0065,Form 65,MS-0075,Form 75,categorical,0.52,0.5,0.66,0.4142,0.4508,-0.0804,0.114,sympathetic,0.32,1832,P. Tross,direct_observation,0.7,Categorical separation—archivists classify these differently.,
EB-0340,MS-0034,Form 34,MS-0085,Form 85,temporal,0.32,0.67,0.94,-0.7511,0.4857,-0.0268,0.161,sympathetic,0.18,929,Senate Survey,tension_measurement,0.62,Temporal boundary: Form 34 and Form 85 occupy different time periods.,
EB-0341,MS-0086,Form 86,MS-0130,Form 130,categorical,0.81,0.19,0.47,-0.109,-0.1331,0.0862,0.204,neutral,0.56,929,Archive Survey Team,tension_measurement,0.61,Category edge detected in constellation analysis.,
EB-0342,MS-0119,Form 119,MS-0137,Form 137,spatial,0.56,0.45,0.85,-0.4119,-0.0838,-0.1363,0.081,neutral,0.33,1846,P. Tross,trajectory_analysis,0.82,Morphospace region boundary separating Form 119 from Form 137.,
EB-0343,MS-0141,Form 141,MS-0057,Form 57,categorical,0.44,0.67,0.62,0.0606,0.0437,-0.112,0.058,sympathetic,0.24,925,T. Vells,classification_boundary,0.72,Category edge detected in constellation analysis.,
EB-0344,MS-0090,Form 90,MS-0140,Form 140,categorical,0.51,0.43,0.49,-0.1723,0.6777,-0.1216,0.214,sympathetic,0.34,920,K. Strand,trajectory_analysis,0.82,Categorical separation—archivists classify these differently.,
EB-0345,EN-008,Dead River Valley,MS-0005,The Triad Form,categorical,0.8,0.17,0.51,-0.375,0.06,-0.025,0.187,antipathetic,0.54,1848,Western Archive Team,historical_inference,0.76,Category edge detected in constellation analysis.,
EB-0346,MS-0099,Form 99,MS-0145,Form 145,spatial,0.98,0.03,0.83,0.1003,-0.0,0.1955,0.105,antipathetic,0.75,930,Western Archive Team,tension_measurement,0.61,Geographic separation observed between Form 99 and Form 145.,
EB-0347,MS-0057,Form 57,MS-0047,Form 47,behavioral,0.39,0.62,0.58,0.2223,-0.3014,-0.0613,0.073,sympathetic,0.18,918,Archive Survey Team,trajectory_analysis,0.65,Action patterns differ across this boundary.,
EB-0348,MS-0043,Form 43,MS-0077,Form 77,categorical,0.71,0.35,0.51,0.0668,0.5159,0.1541,0.068,oscillating,0.56,928,Archive Survey Team,classification_boundary,0.7,Category edge detected in constellation analysis.,
EB-0349,MS-0050,Form 50,MS-0092,Form 92,spatial,0.79,0.18,0.56,0.3609,0.4725,0.3498,0.155,neutral,0.34,916,Archive Survey Team,historical_inference,0.71,Spatial boundary between Form 50 and Form 92 in morphospace.,
EB-0350,MS-0114,Form 114,EN-006,Tower of Mirado,spatial,0.81,0.27,0.5,0.0277,0.505,-0.0225,0.096,neutral,0.43,914,Boundary Commission,historical_inference,0.81,Geographic separation observed between Form 114 and Tower of Mirado.,
