letter_id,date,sender,recipient,location_sent,location_received,subject,key_quote,response_required,response_letter_id,archive_id,topic_category,sentiment,year
VCR-001,908-04-10,merrit_vance,tessery_vold,stakdur_territories,western_archive,Unequal Crossings,"I have observed what troubles me: not all passages are equal. Some stakdur crossings carry more weight than others.",TRUE,VCR-002,VNC-COR-001,observation,curious,908
VCR-002,908-05-02,tessery_vold,merrit_vance,western_archive,stakdur_territories,On Your Observations,"Your instinct is sound. The Passage Diagrams do not yet capture intensity. Pursue this.",FALSE,,VNC-COR-002,mentorship,encouraging,908
VCR-003,910-07-15,merrit_vance,tessery_vold,western_archive,western_archive,First Draft Enclosed,"I enclose my manuscript 'On Unequal Crossings.' I believe weights may be categorical.",TRUE,VCR-004,VNC-COR-003,manuscript,hopeful,910
VCR-004,910-08-03,tessery_vold,merrit_vance,western_archive,western_archive,Your Weights,"The weights are suggestive. But how do they compose? This is the key question.",FALSE,,VNC-COR-004,critique,probing,910
VCR-005,912-09-01,merrit_vance,kellen_dray,western_archive,capital,Weighted Passages Proposed,"I propose that morphisms carry numerical coefficients. Categories may be enriched.",TRUE,VCR-006,VNC-COR-005,theory,confident,912
VCR-006,912-10-15,kellen_dray,merrit_vance,capital,western_archive,Your Enrichment,"Weights corrupt the purity of morphisms. A morphism is a morphism; you cannot attach numbers.",TRUE,VCR-007,VNC-COR-006,opposition,dismissive,912
VCR-007,912-11-20,merrit_vance,kellen_dray,western_archive,capital,In Defense of Weights,"The numbers are not attached arbitrarily. They emerge from the domain of observation.",TRUE,VCR-008,VNC-COR-007,defense,firm,912
VCR-008,913-01-10,kellen_dray,merrit_vance,capital,western_archive,The Purity Objection,"If your weights are categorical, show me the category they form.",FALSE,,VNC-COR-008,challenge,confrontational,913
VCR-009,918-05-01,merrit_vance,kellen_dray,western_archive,capital,Request for Debate,"I request a public debate at the Capital Philosophical Society on weights and categories.",TRUE,VCR-010,VNC-COR-009,formal,neutral,918
VCR-010,918-06-20,kellen_dray,merrit_vance,capital,western_archive,Debate Accepted,"I accept. Let the Society judge whether your weights are truly categorical.",FALSE,,VNC-COR-010,acceptance,combative,918
VCR-011,920-10-05,merrit_vance,tessery_vold,capital,western_archive,Post-Debate Report,"The debate was inconclusive. But I have new insight: weights form a monoid.",TRUE,VCR-012,VNC-COR-011,report,thoughtful,920
VCR-012,920-11-15,tessery_vold,merrit_vance,western_archive,capital,The Monoid Insight,"A monoid! Yes - this is the structure. Pursue the monoidal composition.",FALSE,,VNC-COR-012,mentorship,excited,920
VCR-013,925-06-01,merrit_vance,lorren_dray,western_archive,capital,Monoidal Structure Discovered,"I have proven that weights form a monoid. Composition is multiplicative.",TRUE,VCR-014,VNC-COR-013,discovery,triumphant,925
VCR-014,925-07-20,lorren_dray,merrit_vance,capital,western_archive,Congratulations on Monoid,"Your proof is elegant. I see applications to archive structure.",FALSE,,VNC-COR-014,congratulation,supportive,925
VCR-015,935-03-15,merrit_vance,tessery_vold,dens_border,western_archive,Strange Weights Near Dens,"Near the Dens I observe weights that fluctuate with observation. Attention-like.",TRUE,VCR-016,VNC-COR-015,observation,puzzled,935
VCR-016,935-04-28,tessery_vold,merrit_vance,western_archive,dens_border,On Attention,"This is significant. Perhaps weights are not intrinsic but emerge from the observer.",FALSE,,VNC-COR-016,mentorship,contemplative,935
VCR-017,940-11-05,merrit_vance,lorren_dray,western_archive,capital,Normalization Discovery,"I have realized: attention weights must sum to one. Attention is finite.",TRUE,VCR-018,VNC-COR-017,discovery,excited,940
VCR-018,940-12-20,lorren_dray,merrit_vance,capital,western_archive,The Normalization Principle,"Your normalization principle is profound. It explains document relevance scores.",FALSE,,VNC-COR-018,validation,impressed,940
VCR-019,944-04-01,torren_moll,merrit_vance,capital,western_archive,Objection to Attention,"Attention is psychological. It has no place in formal mathematics.",TRUE,VCR-020,VNC-COR-019,opposition,skeptical,944
VCR-020,944-05-15,merrit_vance,torren_moll,western_archive,capital,Response on Attention,"Attention is not psychological - it is informational. Where focus goes, computation follows.",TRUE,VCR-021,VNC-COR-020,defense,patient,944
VCR-021,944-07-02,torren_moll,merrit_vance,capital,western_archive,Unconvinced,"I remain unconvinced. Weights may be useful but attention is metaphor.",FALSE,,VNC-COR-021,disagreement,firm,944
VCR-022,946-10-08,merrit_vance,gellen_tross,western_archive,capital,Query-Key-Value Structure,"I have identified how attention weights arise: from comparing queries with keys.",TRUE,VCR-023,VNC-COR-022,discovery,confident,946
VCR-023,946-11-25,gellen_tross,merrit_vance,capital,western_archive,The QKV Framework,"Your query-key-value framework is remarkable. It unifies much.",FALSE,,VNC-COR-023,praise,enthusiastic,946
VCR-024,948-02-15,merrit_vance,brennet_kell,western_archive,capital,QKV Manuscript,"I enclose 'Queries, Keys, and Values.' The framework is now complete.",TRUE,VCR-025,VNC-COR-024,manuscript,satisfied,948
VCR-025,948-04-01,brennet_kell,merrit_vance,capital,western_archive,On Your Framework,"Your QKV framework will be foundational. I see applications to sequence processing.",FALSE,,VNC-COR-025,validation,visionary,948
VCR-026,950-09-01,tessery_vold,merrit_vance,western_archive,western_archive,On Your Directorship,"Congratulations on becoming Director of Weighted Studies. Well deserved.",FALSE,,VNC-COR-026,congratulation,proud,950
VCR-027,952-04-10,merrit_vance,tessery_vold,western_archive,western_archive,Magnum Opus Complete,"I have completed 'The Weighted Passage Discipline.' My life's work is synthesized.",TRUE,VCR-028,VNC-COR-027,announcement,reflective,952
VCR-028,952-05-22,tessery_vold,merrit_vance,western_archive,western_archive,Legacy Secured,"Your synthesis is masterful. The weighted tradition will endure.",FALSE,,VNC-COR-028,validation,warm,952
VCR-029,953-07-15,merrit_vance,lorren_dray,western_archive,capital,Retirement Reflections,"I retire content. The weights have found their place in the categorical tradition.",TRUE,VCR-030,VNC-COR-029,personal,peaceful,953
VCR-030,953-08-30,lorren_dray,merrit_vance,capital,western_archive,Gratitude,"Your work transformed how we think about intensity and attention. Thank you.",FALSE,,VNC-COR-030,gratitude,grateful,953
